pss_scratch.cexM_Br	isabelle/layerC/pss_scratch.thy	20707
pss_scratch.cexM_FirstNodes	isabelle/layerC/pss_scratch.thy	20724
pss_scratch.cexM_Joints	isabelle/layerC/pss_scratch.thy	20749
pss_scratch.cexM_Lng	isabelle/layerC/pss_scratch.thy	20619
pss_scratch.cexM_LngBr	isabelle/layerC/pss_scratch.thy	20722
pss_scratch.cexM_NJ	isabelle/layerC/pss_scratch.thy	20795
pss_scratch.cexM_PT	isabelle/layerC/pss_scratch.thy	20670
pss_scratch.cexM_Red	isabelle/layerC/pss_scratch.thy	20931
pss_scratch.cexM_Red2	isabelle/layerC/pss_scratch.thy	20953
pss_scratch.cexM_Red2_nadm3	isabelle/layerC/pss_scratch.thy	20983
pss_scratch.cexM_TPS	isabelle/layerC/pss_scratch.thy	20621
pss_scratch.cexM_TrMax	isabelle/layerC/pss_scratch.thy	20674
pss_scratch.cexM_adm	isabelle/layerC/pss_scratch.thy	21002
pss_scratch.cexM_adm3	isabelle/layerC/pss_scratch.thy	20964
pss_scratch.cexM_anc3	isabelle/layerC/pss_scratch.thy	20977
pss_scratch.cexM_le0D	isabelle/layerC/pss_scratch.thy	20651
pss_scratch.cexM_le0I	isabelle/layerC/pss_scratch.thy	20637
pss_scratch.cexM_marked3	isabelle/layerC/pss_scratch.thy	20971
pss_scratch.cexM_monoT	isabelle/layerC/pss_scratch.thy	20662
pss_scratch.cexM_nextAdm3	isabelle/layerC/pss_scratch.thy	21026
pss_scratch.cexM_nextAdm_ex1	isabelle/layerC/pss_scratch.thy	21060
pss_scratch.cexM_nextAdm_only3	isabelle/layerC/pss_scratch.thy	21045
pss_scratch.cexM_nextAdm_unique	isabelle/layerC/pss_scratch.thy	21063
pss_scratch.cexM_nmulti	isabelle/layerC/pss_scratch.thy	20668
pss_scratch.cexM_npJ	isabelle/layerC/pss_scratch.thy	20784
pss_scratch.cexM_nx0_2	isabelle/layerC/pss_scratch.thy	20732
pss_scratch.cexM_nx1	isabelle/layerC/pss_scratch.thy	20654
pss_scratch.cexM_nx1_2	isabelle/layerC/pss_scratch.thy	20759
pss_scratch.cexM_nzero	isabelle/layerC/pss_scratch.thy	20669
pss_scratch.cexM_redA	isabelle/layerC/pss_scratch.thy	20803
pss_scratch.cexM_redNJ	isabelle/layerC/pss_scratch.thy	20859
pss_scratch.cexM_row0	isabelle/layerC/pss_scratch.thy	20623
pss_scratch.cexM_row1	isabelle/layerC/pss_scratch.thy	20630
pss_scratch.cexM_tail_monoT	isabelle/layerC/pss_scratch.thy	20686
pss_scratch.y6M_Br	isabelle/layerC/pss_scratch.thy	23874
pss_scratch.y6M_FirstNodes	isabelle/layerC/pss_scratch.thy	23893
pss_scratch.y6M_Joints	isabelle/layerC/pss_scratch.thy	23923
pss_scratch.y6M_LngBr	isabelle/layerC/pss_scratch.thy	23891
pss_scratch.y6M_Mark	isabelle/layerC/pss_scratch.thy	24725
pss_scratch.y6M_NJ	isabelle/layerC/pss_scratch.thy	23967
pss_scratch.y6M_Pred_Mark	isabelle/layerC/pss_scratch.thy	24731
pss_scratch.y6M_Red	isabelle/layerC/pss_scratch.thy	24258
pss_scratch.y6M_Red2	isabelle/layerC/pss_scratch.thy	24717
pss_scratch.y6M_TrMax	isabelle/layerC/pss_scratch.thy	23840
pss_scratch.y6M_adm	isabelle/layerC/pss_scratch.thy	23806
pss_scratch.y6M_adm3	isabelle/layerC/pss_scratch.thy	23838
pss_scratch.y6M_branch_monoT	isabelle/layerC/pss_scratch.thy	23856
pss_scratch.y6M_cores_coincide	isabelle/layerC/pss_scratch.thy	24804
pss_scratch.y6M_le0_02	isabelle/layerC/pss_scratch.thy	23768
pss_scratch.y6M_le0_03	isabelle/layerC/pss_scratch.thy	23746
pss_scratch.y6M_le0_05	isabelle/layerC/pss_scratch.thy	23735
pss_scratch.y6M_le0_35	isabelle/layerC/pss_scratch.thy	23757
pss_scratch.y6M_leR_0_3	isabelle/layerC/pss_scratch.thy	24798
pss_scratch.y6M_marked0	isabelle/layerC/pss_scratch.thy	24792
pss_scratch.y6M_marks_differ	isabelle/layerC/pss_scratch.thy	24807
pss_scratch.y6M_monoT	isabelle/layerC/pss_scratch.thy	23797
pss_scratch.y6M_nextAdm3	isabelle/layerC/pss_scratch.thy	24743
pss_scratch.y6M_nextAdm_THE	isabelle/layerC/pss_scratch.thy	24789
pss_scratch.y6M_nextAdm_ex1	isabelle/layerC/pss_scratch.thy	24786
pss_scratch.y6M_nextAdm_only3	isabelle/layerC/pss_scratch.thy	24760
pss_scratch.y6M_nle0_12	isabelle/layerC/pss_scratch.thy	23788
pss_scratch.y6M_nle0_45	isabelle/layerC/pss_scratch.thy	23779
pss_scratch.y6M_nmulti	isabelle/layerC/pss_scratch.thy	23800
pss_scratch.y6M_npJ	isabelle/layerC/pss_scratch.thy	23956
pss_scratch.y6M_nx0_2	isabelle/layerC/pss_scratch.thy	23901
pss_scratch.y6M_nx1_2	isabelle/layerC/pss_scratch.thy	23933
pss_scratch.y6M_nzero	isabelle/layerC/pss_scratch.thy	23801
pss_scratch.y6M_seg25	isabelle/layerC/pss_scratch.thy	23853
pss_scratch.y6_7_4_Mark_nextAdm_TPS	isabelle/layerC/pss_scratch.thy	22982
pss_scratch.y6_L	isabelle/layerC/pss_scratch.thy	23474
pss_scratch.y6_Lng	isabelle/layerC/pss_scratch.thy	23459
pss_scratch.y6_Mark_B2	isabelle/layerC/pss_scratch.thy	24304
pss_scratch.y6_Mark_B2_0	isabelle/layerC/pss_scratch.thy	24314
pss_scratch.y6_Mark_B3_0	isabelle/layerC/pss_scratch.thy	24360
pss_scratch.y6_Mark_B3_2	isabelle/layerC/pss_scratch.thy	24382
pss_scratch.y6_Mark_B4_0	isabelle/layerC/pss_scratch.thy	24446
pss_scratch.y6_Mark_B4_2	isabelle/layerC/pss_scratch.thy	24477
pss_scratch.y6_Mark_B4_3	isabelle/layerC/pss_scratch.thy	24499
pss_scratch.y6_Mark_B5_0	isabelle/layerC/pss_scratch.thy	24567
pss_scratch.y6_Mark_B5_2	isabelle/layerC/pss_scratch.thy	24599
pss_scratch.y6_Mark_B5_3	isabelle/layerC/pss_scratch.thy	24622
pss_scratch.y6_Mark_B6_0	isabelle/layerC/pss_scratch.thy	24680
pss_scratch.y6_Mark_B6_3	isabelle/layerC/pss_scratch.thy	24665
pss_scratch.y6_Mark_selfnest_RT	isabelle/layerC/pss_scratch.thy	22908
pss_scratch.y6_Mark_selfnest_TPS	isabelle/layerC/pss_scratch.thy	22940
pss_scratch.y6_Pred	isabelle/layerC/pss_scratch.thy	23469
pss_scratch.y6_TPS	isabelle/layerC/pss_scratch.thy	23464
pss_scratch.y6_Trans_B1	isabelle/layerC/pss_scratch.thy	24293
pss_scratch.y6_Trans_B2	isabelle/layerC/pss_scratch.thy	24296
pss_scratch.y6_Trans_B3	isabelle/layerC/pss_scratch.thy	24342
pss_scratch.y6_Trans_B4	isabelle/layerC/pss_scratch.thy	24418
pss_scratch.y6_Trans_B5	isabelle/layerC/pss_scratch.thy	24538
pss_scratch.y6_monoT	isabelle/layerC/pss_scratch.thy	23536
pss_scratch.y6_redNJ	isabelle/layerC/pss_scratch.thy	24192
pss_scratch.y6_redNarg	isabelle/layerC/pss_scratch.thy	23973
pss_scratch.y6_scb_self	isabelle/layerC/pss_scratch.thy	22895
pss_scratch.y6_scb_self_unique	isabelle/layerC/pss_scratch.thy	22883
pss_scratch.y6z_7_4_Mark_nextAdm_TPS_false	isabelle/layerC/pss_scratch.thy	24810
pss_scratch.y6z_nest_false_at	isabelle/layerC/pss_scratch.thy	23106
pss_scratch.y6z_no_common_position	isabelle/layerC/pss_scratch.thy	23086
