pss_scratch.bwo_2_2_wf_iff	isabelle/layerC/pss_scratch.thy	7871
pss_scratch.bwo_2_4a_shift_closure	isabelle/layerC/pss_scratch.thy	8108
pss_scratch.bwo_2_5_sub1	isabelle/layerC/pss_scratch.thy	8201
pss_scratch.bwo_Aop_mono_nv	isabelle/layerC/pss_scratch.thy	8080
pss_scratch.bwo_Wstar_total_of_wf	isabelle/layerC/pss_scratch.thy	7862
pss_scratch.wcl_Mset_distinguished_of_core	isabelle/layerC/pss_scratch.thy	6654
pss_scratch.wcl_Mset_eq_accfrag_of_core	isabelle/layerC/pss_scratch.thy	6659
pss_scratch.wcl_accfrag_distinguished_of_core	isabelle/layerC/pss_scratch.thy	6631
pss_scratch.wcl_accfrag_downclosed	isabelle/layerC/pss_scratch.thy	6581
pss_scratch.wcl_accfrag_prog_of_core	isabelle/layerC/pss_scratch.thy	6602
pss_scratch.wcl_accfrag_relacc	isabelle/layerC/pss_scratch.thy	6592
pss_scratch.wcl_buc1_2_2_of_upper	isabelle/layerC/pss_scratch.thy	6999
pss_scratch.wcl_collapse_of_core	isabelle/layerC/pss_scratch.thy	6676
pss_scratch.wcl_collapse_of_upper	isabelle/layerC/pss_scratch.thy	6995
pss_scratch.wcl_core_iff_no_bad_secured	isabelle/layerC/pss_scratch.thy	6552
pss_scratch.wcl_high_comp_bad_pred	isabelle/layerC/pss_scratch.thy	7360
pss_scratch.wcl_high_comp_not_acc	isabelle/layerC/pss_scratch.thy	7377
pss_scratch.wcl_lower_head_bad_exists	isabelle/layerC/pss_scratch.thy	6744
pss_scratch.wcl_min_bad_body_acc	isabelle/layerC/pss_scratch.thy	6690
pss_scratch.wcl_min_bad_lex	isabelle/layerC/pss_scratch.thy	6798
pss_scratch.wcl_min_bad_secured	isabelle/layerC/pss_scratch.thy	6503
pss_scratch.wcl_upper_iff_wf	isabelle/layerC/pss_scratch.thy	6992
pss_scratch.wcl_upper_of_wf	isabelle/layerC/pss_scratch.thy	6985
pss_scratch.wcl_wf_of_upper	isabelle/layerC/pss_scratch.thy	6903
pss_scratch.wcl_wf_of_upper_via_step	isabelle/layerC/pss_scratch.thy	7399
pss_scratch.wtw_core_step	isabelle/layerC/pss_scratch.thy	7307
pss_wip.wds_Mset_distinguished	isabelle/layerB/pss_wip.thy	118540
pss_wip.wds_Mset_downclosed	isabelle/layerB/pss_wip.thy	118480
pss_wip.wds_Mset_eq_frag_of_collapse	isabelle/layerB/pss_wip.thy	118789
pss_wip.wds_Mset_ex	isabelle/layerB/pss_wip.thy	118470
pss_wip.wds_Mset_frag	isabelle/layerB/pss_wip.thy	118473
pss_wip.wds_Mset_relacc	isabelle/layerB/pss_wip.thy	118497
pss_wip.wds_Mset_subset_acc	isabelle/layerB/pss_wip.thy	118490
pss_wip.wds_Mset_upper	isabelle/layerB/pss_wip.thy	118467
pss_wip.wds_acc_lift	isabelle/layerB/pss_wip.thy	118418
pss_wip.wds_acc_lift_aux	isabelle/layerB/pss_wip.thy	118398
pss_wip.wds_buc1_2_2_of_collapse	isabelle/layerB/pss_wip.thy	118729
pss_wip.wds_collapse_core_of_collapse	isabelle/layerB/pss_wip.thy	118735
pss_wip.wds_collapse_iff_pbody	isabelle/layerB/pss_wip.thy	118786
pss_wip.wds_collapse_iff_wf	isabelle/layerB/pss_wip.thy	118783
pss_wip.wds_collapse_of_wf	isabelle/layerB/pss_wip.thy	118768
pss_wip.wds_distD_acc	isabelle/layerB/pss_wip.thy	118374
pss_wip.wds_distD_down	isabelle/layerB/pss_wip.thy	118370
pss_wip.wds_distD_frag	isabelle/layerB/pss_wip.thy	118367
pss_wip.wds_distD_prog	isabelle/layerB/pss_wip.thy	118378
pss_wip.wds_distI	isabelle/layerB/pss_wip.thy	118385
pss_wip.wds_dist_comparable	isabelle/layerB/pss_wip.thy	118431
pss_wip.wds_dist_finite_cover	isabelle/layerB/pss_wip.thy	118512
pss_wip.wds_finite_GBT	isabelle/layerB/pss_wip.thy	118331
pss_wip.wds_frag_distinguished_of_wf	isabelle/layerB/pss_wip.thy	118745
pss_wip.wds_hauptlemma	isabelle/layerB/pss_wip.thy	118682
pss_wip.wds_hauptlemma_aux	isabelle/layerB/pss_wip.thy	118633
pss_wip.wds_hullT_iff	isabelle/layerB/pss_wip.thy	118328
pss_wip.wds_jump_steps_of_collapse	isabelle/layerB/pss_wip.thy	118739
pss_wip.wds_pbody_of_collapse	isabelle/layerB/pss_wip.thy	118693
pss_wip.wds_wf_RPrel_of_collapse	isabelle/layerB/pss_wip.thy	118721
pss_wip.wds_wf_RTrel_of_collapse	isabelle/layerB/pss_wip.thy	118725
pss_wip.wfc_GBT_antitone	isabelle/layerB/pss_wip.thy	117115
pss_wip.wfc_G_lvT	isabelle/layerB/pss_wip.thy	117483
pss_wip.wfc_acc_component	isabelle/layerB/pss_wip.thy	117408
pss_wip.wfc_acc_levels_of_jump_steps	isabelle/layerB/pss_wip.thy	117581
pss_wip.wfc_acc_of_core_upto	isabelle/layerB/pss_wip.thy	117522
pss_wip.wfc_acc_singleton	isabelle/layerB/pss_wip.thy	117322
pss_wip.wfc_collapse_core_of_jump_steps	isabelle/layerB/pss_wip.thy	117639
pss_wip.wfc_collapse_core_of_upto	isabelle/layerB/pss_wip.thy	117662
pss_wip.wfc_core_upto_of_collapse_core	isabelle/layerB/pss_wip.thy	117658
pss_wip.wfc_core_upto_of_wf	isabelle/layerB/pss_wip.thy	117644
pss_wip.wfc_jump_step_of_wf	isabelle/layerB/pss_wip.thy	117651
pss_wip.wfc_level_jump_of_jump_steps	isabelle/layerB/pss_wip.thy	117634
pss_wip.wfc_maxe_mem	isabelle/layerB/pss_wip.thy	117464
pss_wip.wfc_member_leBT	isabelle/layerB/pss_wip.thy	117367
pss_wip.wfc_pbody_iff_collapse_core	isabelle/layerB/pss_wip.thy	117313
pss_wip.wfc_pbody_iff_level_jump	isabelle/layerB/pss_wip.thy	117316
pss_wip.wfc_pbody_iff_wf	isabelle/layerB/pss_wip.thy	117310
pss_wip.wfc_pbody_of_wf	isabelle/layerB/pss_wip.thy	117302
pss_wip.wfc_sec_component	isabelle/layerB/pss_wip.thy	117147
pss_wip.wfc_tail_lessBT	isabelle/layerB/pss_wip.thy	117346
pss_wip.wfc_tuple_acc_iff	isabelle/layerB/pss_wip.thy	117436
pss_wip.wfc_wf_iff_jump_steps	isabelle/layerB/pss_wip.thy	117655
pss_wip.wfc_wf_of_jump_steps	isabelle/layerB/pss_wip.thy	117608
pss_wip.wfc_wf_of_pbody	isabelle/layerB/pss_wip.thy	117294
pss_wip.wfj_G_df_T	isabelle/layerB/pss_wip.thy	113426
pss_wip.wfj_G_szT	isabelle/layerB/pss_wip.thy	113358
pss_wip.wfj_OT_B_wf_of_collapse_core	isabelle/layerB/pss_wip.thy	113550
pss_wip.wfj_acc_of_collapse_core	isabelle/layerB/pss_wip.thy	113475
pss_wip.wfj_all_levels_of_collapse_core	isabelle/layerB/pss_wip.thy	113546
pss_wip.wfj_all_levels_of_wf	isabelle/layerB/pss_wip.thy	113328
pss_wip.wfj_cexq_OT	isabelle/layerB/pss_wip.thy	113206
pss_wip.wfj_cexq_dfree	isabelle/layerB/pss_wip.thy	113209
pss_wip.wfj_cexq_hd	isabelle/layerB/pss_wip.thy	113215
pss_wip.wfj_cexq_lv	isabelle/layerB/pss_wip.thy	113212
pss_wip.wfj_collapse_core_iff_level_jump	isabelle/layerB/pss_wip.thy	113542
pss_wip.wfj_collapse_core_iff_wf	isabelle/layerB/pss_wip.thy	113539
pss_wip.wfj_collapse_core_of_wf	isabelle/layerB/pss_wip.thy	113532
pss_wip.wfj_enat_0max	isabelle/layerB/pss_wip.thy	113197
pss_wip.wfj_enat_max0	isabelle/layerB/pss_wip.thy	113194
pss_wip.wfj_frag0_lv_unbounded	isabelle/layerB/pss_wip.thy	113280
pss_wip.wfj_frag_downclosed	isabelle/layerB/pss_wip.thy	113244
pss_wip.wfj_frag_mono	isabelle/layerB/pss_wip.thy	113255
pss_wip.wfj_hd_le	isabelle/layerB/pss_wip.thy	113173
pss_wip.wfj_hd_le_lvP	isabelle/layerB/pss_wip.thy	113189
pss_wip.wfj_level_jump_of_all_levels	isabelle/layerB/pss_wip.thy	113342
pss_wip.wfj_level_jump_of_wf	isabelle/layerB/pss_wip.thy	113335
pss_wip.wfj_lv_in_frag	isabelle/layerB/pss_wip.thy	113265
pss_wip.wfj_secT_tuple_acc	isabelle/layerB/pss_wip.thy	113807
pss_wip.wfj_strat_hd	isabelle/layerB/pss_wip.thy	113184
pss_wip.wfj_stratn_lvP_false	isabelle/layerB/pss_wip.thy	113234
pss_wip.wfj_stratn_lvP_refuted	isabelle/layerB/pss_wip.thy	113218
pss_wip.wfj_wf_RPrel_of_all_levels	isabelle/layerB/pss_wip.thy	113294
pss_wip.wfj_wf_RPrel_of_collapse_core	isabelle/layerB/pss_wip.thy	113509
pss_wip.wfj_wf_iff_all_levels	isabelle/layerB/pss_wip.thy	113332
pss_wip.wfpd_NoBad_dep	isabelle/layerB/pss_wip.thy	78190
pss_wip.wfpd_RPrel_dep_0	isabelle/layerB/pss_wip.thy	78111
pss_wip.wfpd_RPrel_dep_lex	isabelle/layerB/pss_wip.thy	78133
pss_wip.wfpd_bounded_Rchain_impossible	isabelle/layerB/pss_wip.thy	78447
pss_wip.wfpd_bounded_Tchain_impossible	isabelle/layerB/pss_wip.thy	78499
pss_wip.wfpd_infinite_Rchain_unbounded_depth	isabelle/layerB/pss_wip.thy	78458
pss_wip.wfpd_tuple_lift_dep	isabelle/layerB/pss_wip.thy	78353
pss_wip.wfpd_wf_RPrel_dep	isabelle/layerB/pss_wip.thy	78430
pss_wip.wfpd_wf_RPrel_dep_0	isabelle/layerB/pss_wip.thy	78119
pss_wip.wfpd_wf_RPrel_iff_no_unbounded_depth	isabelle/layerB/pss_wip.thy	78471
pss_wip.wfpd_wf_RTrel_dep	isabelle/layerB/pss_wip.thy	78433
pss_wip.wfpd_wf_RTrel_iff_no_unbounded_depth	isabelle/layerB/pss_wip.thy	78510
pss_wip.wfpd_wf_dep	isabelle/layerB/pss_wip.thy	78416
pss_wip.wfpd_wf_goal_dep	isabelle/layerB/pss_wip.thy	78440
pss_wip.wfpx_RPrel_acyclic	isabelle/layerB/pss_wip.thy	67892
pss_wip.wfpx_RPrel_bnd_acyclic	isabelle/layerB/pss_wip.thy	67905
pss_wip.wfpx_RPrel_irrefl	isabelle/layerB/pss_wip.thy	67889
pss_wip.wfpx_RPrel_trans	isabelle/layerB/pss_wip.thy	67886
pss_wip.wfpx_RTrel_acyclic	isabelle/layerB/pss_wip.thy	67966
pss_wip.wfpx_RTrel_bnd_acyclic	isabelle/layerB/pss_wip.thy	67984
pss_wip.wfpx_bounded_Tchain_impossible	isabelle/layerB/pss_wip.thy	67998
pss_wip.wfpx_bounded_chain_impossible	isabelle/layerB/pss_wip.thy	67913
pss_wip.wfpx_finite_BP_norm	isabelle/layerB/pss_wip.thy	67878
pss_wip.wfpx_finite_BT_norm	isabelle/layerB/pss_wip.thy	67875
pss_wip.wfpx_finite_RPrel_bnd	isabelle/layerB/pss_wip.thy	67895
pss_wip.wfpx_finite_RTrel_bnd	isabelle/layerB/pss_wip.thy	67974
pss_wip.wfpx_finite_norm_le	isabelle/layerB/pss_wip.thy	67774
pss_wip.wfpx_infinite_Tchain_unbounded_norm	isabelle/layerB/pss_wip.thy	68009
pss_wip.wfpx_infinite_chain_unbounded_norm	isabelle/layerB/pss_wip.thy	67924
pss_wip.wfpx_length_le_sum	isabelle/layerB/pss_wip.thy	67739
pss_wip.wfpx_nrmP_le_sum	isabelle/layerB/pss_wip.thy	67751
pss_wip.wfpx_nrmP_pos	isabelle/layerB/pss_wip.thy	67736
pss_wip.wfpx_wf_RPrel_bnd	isabelle/layerB/pss_wip.thy	67908
pss_wip.wfpx_wf_RPrel_iff_no_unbounded_chain	isabelle/layerB/pss_wip.thy	67937
pss_wip.wfpx_wf_RTrel_bnd	isabelle/layerB/pss_wip.thy	67987
pss_wip.wfpx_wf_RTrel_iff_no_unbounded_chain	isabelle/layerB/pss_wip.thy	68022
pss_wip.wfpx_wf_goal_bnd	isabelle/layerB/pss_wip.thy	67993
pss_wip.wfs_OT_B_wf_of_level_jump	isabelle/layerB/pss_wip.thy	112896
pss_wip.wfs_Restr_acc_wf	isabelle/layerB/pss_wip.thy	112923
pss_wip.wfs_acc_downclosed	isabelle/layerB/pss_wip.thy	112910
pss_wip.wfs_acc_levels_of_jump	isabelle/layerB/pss_wip.thy	112843
pss_wip.wfs_accord_Field	isabelle/layerB/pss_wip.thy	113001
pss_wip.wfs_accord_Well_order	isabelle/layerB/pss_wip.thy	113012
pss_wip.wfs_accord_strict_sub	isabelle/layerB/pss_wip.thy	112951
pss_wip.wfs_accord_well_order	isabelle/layerB/pss_wip.thy	112967
pss_wip.wfs_accord_wf_strict	isabelle/layerB/pss_wip.thy	112964
pss_wip.wfs_bdepthT_le	isabelle/layerB/pss_wip.thy	112603
pss_wip.wfs_descP_le	isabelle/layerB/pss_wip.thy	112430
pss_wip.wfs_dmono_P	isabelle/layerB/pss_wip.thy	112736
pss_wip.wfs_dmono_T	isabelle/layerB/pss_wip.thy	112731
pss_wip.wfs_dmono_aux	isabelle/layerB/pss_wip.thy	112611
pss_wip.wfs_enat_nlt0	isabelle/layerB/pss_wip.thy	112452
pss_wip.wfs_lessBP_total	isabelle/layerB/pss_wip.thy	112907
pss_wip.wfs_level0_acc	isabelle/layerB/pss_wip.thy	112790
pss_wip.wfs_lvP0_iff	isabelle/layerB/pss_wip.thy	112392
pss_wip.wfs_lvT0_iff	isabelle/layerB/pss_wip.thy	112389
pss_wip.wfs_lv_finT	isabelle/layerB/pss_wip.thy	112395
pss_wip.wfs_max_eq0	isabelle/layerB/pss_wip.thy	112373
pss_wip.wfs_max_fin	isabelle/layerB/pss_wip.thy	112376
pss_wip.wfs_maxe_eq0	isabelle/layerB/pss_wip.thy	112379
pss_wip.wfs_maxe_fin	isabelle/layerB/pss_wip.thy	112382
pss_wip.wfs_maxl_le	isabelle/layerB/pss_wip.thy	112600
pss_wip.wfs_rank_semantic	isabelle/layerB/pss_wip.thy	113112
pss_wip.wfs_rk_Well_order	isabelle/layerB/pss_wip.thy	113031
pss_wip.wfs_rk_ordLess	isabelle/layerB/pss_wip.thy	113061
pss_wip.wfs_strat0_P	isabelle/layerB/pss_wip.thy	112574
pss_wip.wfs_strat0_T	isabelle/layerB/pss_wip.thy	112567
pss_wip.wfs_strat0_aux	isabelle/layerB/pss_wip.thy	112461
pss_wip.wfs_szP_mem	isabelle/layerB/pss_wip.thy	112412
pss_wip.wfs_szP_mem_lt	isabelle/layerB/pss_wip.thy	112415
pss_wip.wfs_szT_arg_lt	isabelle/layerB/pss_wip.thy	112418
pss_wip.wfs_szT_tl_lt	isabelle/layerB/pss_wip.thy	112425
pss_wip.wfs_underS_accord	isabelle/layerB/pss_wip.thy	113034
pss_wip.wfs_wf_RPrel_of_level_jump	isabelle/layerB/pss_wip.thy	112868
pss_wip.wfs_wf_iff_all_acc	isabelle/layerB/pss_wip.thy	112901
