chapter	article_fact	target_file	component_count	proof_status	clean_exact_roots	all_selected_roots	article_imports_closure	helper_bucket_closure	dependency_fact_count
5	pss_paper.p_5_1_ancestor_basic_1	5/P_5_1_ancestor_basic_1.thy	1	exact-clean-proof	pss_mechanized.m_5_1_ancestor_basic_1	pss_mechanized.m_5_1_ancestor_basic_1		PSS/cross-chapter:2	3
5	pss_paper.p_5_1_ancestor_basic_2	5/P_5_1_ancestor_basic_2.thy	1	exact-clean-proof	pss_mechanized.m_5_1_ancestor_basic_2	pss_mechanized.m_5_1_ancestor_basic_2	5/P_5_1_ancestor_basic_1.thy;5/P_5_1_ancestor_tree_1.thy;5/P_5_1_parent_exists_1.thy;5/P_5_1_parent_exists_3.thy	PSS/cross-chapter:6	11
5	pss_paper.p_5_1_ancestor_tree_1	5/P_5_1_ancestor_tree_1.thy	1	exact-clean-proof	pss_mechanized.m_5_1_ancestor_tree_1	pss_mechanized.m_5_1_ancestor_tree_1	5/P_5_1_ancestor_basic_1.thy;5/P_5_1_parent_exists_1.thy;5/P_5_1_parent_exists_3.thy	PSS/cross-chapter:3	7
5	pss_paper.p_5_1_ancestor_tree_2	5/P_5_1_ancestor_tree_2.thy	1	exact-clean-proof	pss_mechanized.m_5_1_ancestor_tree_2	pss_mechanized.m_5_1_ancestor_tree_2	5/P_5_1_ancestor_basic_1.thy;5/P_5_1_ancestor_basic_2.thy;5/P_5_1_ancestor_tree_1.thy;5/P_5_1_parent_exists_1.thy;5/P_5_1_parent_exists_2.thy;5/P_5_1_parent_exists_3.thy;5/P_5_1_parent_exists_4.thy	PSS/cross-chapter:9;chapter-5/local:1	18
5	pss_paper.p_5_1_parent_basic_1	5/P_5_1_parent_basic_1.thy	1	exact-clean-proof	pss_mechanized.m_5_1_parent_basic_1	pss_mechanized.m_5_1_parent_basic_1			1
5	pss_paper.p_5_1_parent_basic_2	5/P_5_1_parent_basic_2.thy	1	exact-clean-proof	pss_mechanized.m_5_1_parent_basic_2	pss_mechanized.m_5_1_parent_basic_2			1
5	pss_paper.p_5_1_parent_exists_1	5/P_5_1_parent_exists_1.thy	1	exact-clean-proof	pss_mechanized.m_5_1_parent_exists_1	pss_mechanized.m_5_1_parent_exists_1			1
5	pss_paper.p_5_1_parent_exists_2	5/P_5_1_parent_exists_2.thy	1	exact-clean-proof	pss_mechanized.m_5_1_parent_exists_2	pss_mechanized.m_5_1_parent_exists_2		PSS/cross-chapter:1	2
5	pss_paper.p_5_1_parent_exists_3	5/P_5_1_parent_exists_3.thy	1	exact-clean-proof	pss_mechanized.m_5_1_parent_exists_3	pss_mechanized.m_5_1_parent_exists_3	5/P_5_1_parent_exists_1.thy	PSS/cross-chapter:1	3
5	pss_paper.p_5_1_parent_exists_4	5/P_5_1_parent_exists_4.thy	1	exact-clean-proof	pss_mechanized.m_5_1_parent_exists_4	pss_mechanized.m_5_1_parent_exists_4	5/P_5_1_ancestor_basic_1.thy;5/P_5_1_ancestor_tree_1.thy;5/P_5_1_parent_exists_1.thy;5/P_5_1_parent_exists_2.thy;5/P_5_1_parent_exists_3.thy	PSS/cross-chapter:5;chapter-5/local:1	12
5	pss_paper.p_5_3_pred_is_oper1	5/P_5_3_pred_is_oper1.thy	1	exact-clean-proof	pss_mechanized.m_5_3_pred_is_oper1	pss_mechanized.m_5_3_pred_is_oper1		PSS/cross-chapter:2	3
5	pss_paper.p_5_4_F_oper_dom	5/P_5_4_F_oper_dom.thy	1	exact-clean-proof	pss_mechanized.m_5_4_F_oper_dom	pss_mechanized.m_5_4_F_oper_dom			1
5	pss_paper.p_5_4_F_oper_val	5/P_5_4_F_oper_val.thy	1	exact-clean-proof	pss_mechanized.m_5_4_F_oper_val	pss_mechanized.m_5_4_F_oper_val			1
6	pss_paper.p_6_1_le_IncrFirst_inv	6/P_6_1_le_IncrFirst_inv.thy	1	exact-clean-proof	pss_mechanized.m_6_1_le_IncrFirst_inv	pss_mechanized.m_6_1_le_IncrFirst_inv		PSS/cross-chapter:6	7
6	pss_paper.p_6_2_P_IncrFirst	6/P_6_2_P_IncrFirst.thy	1	exact-clean-proof	pss_mechanized.m_6_2_P_IncrFirst	pss_mechanized.m_6_2_P_IncrFirst	6/P_6_1_le_IncrFirst_inv.thy	PSS/cross-chapter:12	14
6	pss_paper.p_6_2_P_additive	6/P_6_2_P_additive.thy	1	exact-clean-proof	pss_mechanized.m_6_2_P_additive	pss_mechanized.m_6_2_P_additive	5/P_5_1_ancestor_basic_1.thy;5/P_5_1_parent_exists_1.thy;5/P_5_1_parent_exists_3.thy;6/P_6_2_mono_ancestor_slice.thy	PSS/cross-chapter:11	17
6	pss_paper.p_6_2_P_components_1	6/P_6_2_P_components_1.thy	1	exact-clean-proof	pss_mechanized.m_6_2_P_components_1	pss_mechanized.m_6_2_P_components_1	5/P_5_1_ancestor_basic_1.thy;5/P_5_1_parent_exists_1.thy;5/P_5_1_parent_exists_3.thy;6/P_6_2_mono_ancestor_slice.thy	PSS/cross-chapter:8	13
6	pss_paper.p_6_2_P_components_2	6/P_6_2_P_components_2.thy	1	exact-clean-proof	pss_mechanized.m_6_2_P_components_2	pss_mechanized.m_6_2_P_components_2		PSS/cross-chapter:2	3
6	pss_paper.p_6_2_P_oper_1	6/P_6_2_P_oper_1.thy	1	exact-clean-proof	pss_mechanized.m_6_2_P_oper_1	pss_mechanized.m_6_2_P_oper_1	6/P_6_2_P_components_2.thy	PSS/cross-chapter:8	11
6	pss_paper.p_6_2_P_oper_2	6/P_6_2_P_oper_2.thy	1	exact-clean-proof	pss_mechanized.m_6_2_P_oper_2	pss_mechanized.m_6_2_P_oper_2	5/P_5_1_ancestor_basic_1.thy;5/P_5_1_parent_exists_1.thy;5/P_5_1_parent_exists_3.thy;6/P_6_2_P_additive.thy;6/P_6_2_P_components_2.thy;6/P_6_2_mono_ancestor_slice.thy	PSS/cross-chapter:38	46
6	pss_paper.p_6_2_mono_ancestor_slice	6/P_6_2_mono_ancestor_slice.thy	1	exact-clean-proof	pss_mechanized.m_6_2_mono_ancestor_slice	pss_mechanized.m_6_2_mono_ancestor_slice	5/P_5_1_ancestor_basic_1.thy;5/P_5_1_parent_exists_1.thy;5/P_5_1_parent_exists_3.thy	PSS/cross-chapter:5	9
6	pss_paper.p_6_2_mono_prefix	6/P_6_2_mono_prefix.thy	1	exact-clean-proof	pss_mechanized.m_6_2_mono_prefix	pss_mechanized.m_6_2_mono_prefix	5/P_5_1_ancestor_basic_1.thy;5/P_5_1_ancestor_tree_1.thy;5/P_5_1_parent_exists_1.thy;5/P_5_1_parent_exists_3.thy;6/P_6_2_mono_ancestor_slice.thy	PSS/cross-chapter:5	12
6	pss_paper.p_6_2_multi_crit_12	6/P_6_2_multi_crit_12.thy	1	exact-clean-proof	pss_mechanized.m_6_2_multi_crit_12	pss_mechanized.m_6_2_multi_crit_12	5/P_5_1_ancestor_basic_1.thy;5/P_5_1_parent_exists_1.thy;5/P_5_1_parent_exists_3.thy;6/P_6_2_multi_crit_23.thy	PSS/cross-chapter:4	10
6	pss_paper.p_6_2_multi_crit_23	6/P_6_2_multi_crit_23.thy	1	exact-clean-proof	pss_mechanized.m_6_2_multi_crit_23	pss_mechanized.m_6_2_multi_crit_23	5/P_5_1_ancestor_basic_1.thy;5/P_5_1_parent_exists_1.thy;5/P_5_1_parent_exists_3.thy	PSS/cross-chapter:4	8
6	pss_paper.p_6_2_nonmulti_oper_1	6/P_6_2_nonmulti_oper_1.thy	1	exact-clean-proof	pss_mechanized.m_6_2_nonmulti_oper_1	pss_mechanized.m_6_2_nonmulti_oper_1	5/P_5_1_ancestor_basic_1.thy;5/P_5_1_parent_exists_1.thy;5/P_5_1_parent_exists_3.thy;6/P_6_2_P_additive.thy;6/P_6_2_mono_ancestor_slice.thy;6/P_6_2_multi_crit_12.thy;6/P_6_2_multi_crit_23.thy	PSS/cross-chapter:21	30
6	pss_paper.p_6_2_nonmulti_oper_2	6/P_6_2_nonmulti_oper_2.thy	1	exact-clean-proof	pss_mechanized.m_6_2_nonmulti_oper_2	pss_mechanized.m_6_2_nonmulti_oper_2	5/P_5_1_ancestor_basic_1.thy;5/P_5_1_parent_exists_1.thy;5/P_5_1_parent_exists_3.thy;6/P_6_2_multi_crit_12.thy;6/P_6_2_multi_crit_23.thy	PSS/cross-chapter:10	17
6	pss_paper.p_6_3_adm_slice	6/P_6_3_adm_slice.thy	1	exact-clean-proof	pss_mechanized.m_6_3_adm_slice	pss_mechanized.m_6_3_adm_slice		PSS/cross-chapter:9	10
6	pss_paper.p_6_3_admof_slice	6/P_6_3_admof_slice.thy	1	exact-clean-proof	pss_mechanized.m_6_3_admof_slice	pss_mechanized.m_6_3_admof_slice	6/P_6_3_adm_slice.thy	PSS/cross-chapter:15	17
6	pss_paper.p_6_3_marked_slice	6/P_6_3_marked_slice.thy	1	exact-clean-proof	pss_mechanized.m_6_3_marked_slice	pss_mechanized.m_6_3_marked_slice	5/P_5_1_ancestor_basic_1.thy;5/P_5_1_ancestor_tree_1.thy;5/P_5_1_parent_exists_1.thy;5/P_5_1_parent_exists_3.thy;6/P_6_3_adm_slice.thy	PSS/cross-chapter:11	17
6	pss_paper.p_6_4_FirstNodes_Joints_mono	6/P_6_4_FirstNodes_Joints_mono.thy	1	exact-clean-proof	pss_mechanized.m_6_4_FirstNodes_Joints_mono;pss_mechanized.m_6_4_FirstNodes_Joints_mono_aux	pss_mechanized.m_6_4_FirstNodes_Joints_mono;pss_mechanized.m_6_4_FirstNodes_Joints_mono_aux	5/P_5_1_ancestor_basic_1.thy;5/P_5_1_ancestor_tree_1.thy;5/P_5_1_parent_exists_1.thy;5/P_5_1_parent_exists_3.thy;6/P_6_2_P_components_1.thy;6/P_6_2_mono_ancestor_slice.thy;6/P_6_4_FirstNodes_TrMax_Joints.thy;6/P_6_4_P_IdxSum.thy;6/P_6_4_P_leftend_mono.thy;6/P_6_4_mono_slice_next.thy	PSS/cross-chapter:27	40
6	pss_paper.p_6_4_FirstNodes_TrMax_Joints	6/P_6_4_FirstNodes_TrMax_Joints.thy	1	exact-clean-proof	pss_mechanized.m_6_4_FirstNodes_TrMax_Joints	pss_mechanized.m_6_4_FirstNodes_TrMax_Joints	5/P_5_1_ancestor_basic_1.thy;5/P_5_1_parent_exists_1.thy;6/P_6_4_mono_slice_next.thy	PSS/cross-chapter:14	19
6	pss_paper.p_6_4_P_IdxSum	6/P_6_4_P_IdxSum.thy	1	exact-clean-proof	pss_mechanized.m_6_4_P_IdxSum	pss_mechanized.m_6_4_P_IdxSum	5/P_5_1_ancestor_basic_1.thy;5/P_5_1_parent_exists_1.thy;5/P_5_1_parent_exists_3.thy;6/P_6_2_P_components_1.thy;6/P_6_2_mono_ancestor_slice.thy	PSS/cross-chapter:16	22
6	pss_paper.p_6_4_P_IdxSum_char_1	6/P_6_4_P_IdxSum_char_1.thy	1	exact-clean-proof	pss_mechanized.m_6_4_P_IdxSum_char_1	pss_mechanized.m_6_4_P_IdxSum_char_1	5/P_5_1_parent_exists_1.thy	PSS/cross-chapter:10	13
6	pss_paper.p_6_4_P_IdxSum_char_2	6/P_6_4_P_IdxSum_char_2.thy	1	exact-clean-proof	pss_mechanized.m_6_4_P_IdxSum_char_2	pss_mechanized.m_6_4_P_IdxSum_char_2	5/P_5_1_ancestor_basic_1.thy;5/P_5_1_ancestor_tree_1.thy;5/P_5_1_parent_exists_1.thy;5/P_5_1_parent_exists_3.thy	PSS/cross-chapter:11	17
6	pss_paper.p_6_4_P_leftend_mono	6/P_6_4_P_leftend_mono.thy	1	exact-clean-proof	pss_mechanized.m_6_4_P_leftend_mono	pss_mechanized.m_6_4_P_leftend_mono	5/P_5_1_ancestor_basic_1.thy;5/P_5_1_parent_exists_1.thy;5/P_5_1_parent_exists_3.thy;6/P_6_2_P_components_1.thy;6/P_6_2_mono_ancestor_slice.thy;6/P_6_4_P_IdxSum.thy	PSS/cross-chapter:20	28
6	pss_paper.p_6_4_mono_slice	6/P_6_4_mono_slice.thy	1	exact-clean-proof	pss_mechanized.m_6_4_mono_slice	pss_mechanized.m_6_4_mono_slice	5/P_5_1_ancestor_basic_1.thy;5/P_5_1_ancestor_tree_1.thy;5/P_5_1_parent_exists_1.thy;5/P_5_1_parent_exists_3.thy;6/P_6_2_P_components_1.thy;6/P_6_2_mono_ancestor_slice.thy;6/P_6_4_FirstNodes_Joints_mono.thy;6/P_6_4_FirstNodes_TrMax_Joints.thy;6/P_6_4_P_IdxSum.thy;6/P_6_4_P_leftend_mono.thy;6/P_6_4_mono_slice_next.thy	PSS/cross-chapter:40	53
6	pss_paper.p_6_4_mono_slice_next	6/P_6_4_mono_slice_next.thy	1	exact-clean-proof	pss_mechanized.m_6_4_mono_slice_next	pss_mechanized.m_6_4_mono_slice_next	5/P_5_1_ancestor_basic_1.thy;5/P_5_1_parent_exists_1.thy	PSS/cross-chapter:13	17
6	pss_paper.p_6_5_Lng_Red	6/P_6_5_Lng_Red.thy	1	exact-clean-proof	pss_mechanized.m_6_5_Lng_Red	pss_mechanized.m_6_5_Lng_Red	5/P_5_1_ancestor_basic_1.thy;5/P_5_1_parent_exists_1.thy;5/P_5_1_parent_exists_3.thy;6/P_6_1_le_IncrFirst_inv.thy;6/P_6_2_P_components_1.thy;6/P_6_2_mono_ancestor_slice.thy;6/P_6_4_FirstNodes_TrMax_Joints.thy;6/P_6_4_P_IdxSum.thy;6/P_6_4_mono_slice_next.thy;6/P_6_5_Red_welldef.thy	PSS/cross-chapter:81	93
6	pss_paper.p_6_5_P_Red	6/P_6_5_P_Red.thy	1	exact-clean-proof	pss_mechanized.m_6_5_P_Red_final	pss_mechanized.m_6_5_P_Red_final	5/P_5_1_ancestor_basic_1.thy;5/P_5_1_ancestor_tree_1.thy;5/P_5_1_parent_exists_1.thy;5/P_5_1_parent_exists_2.thy;5/P_5_1_parent_exists_3.thy;6/P_6_1_le_IncrFirst_inv.thy;6/P_6_2_P_components_1.thy;6/P_6_2_mono_ancestor_slice.thy;6/P_6_4_FirstNodes_TrMax_Joints.thy;6/P_6_4_P_IdxSum.thy;6/P_6_4_mono_slice_next.thy;6/P_6_5_Lng_Red.thy;6/P_6_5_Red_monoT.thy;6/P_6_5_Red_welldef.thy;6/P_6_5_Red_zeroT.thy;6/P_6_5_monoT_Red.thy;6/P_6_6_Red_leftend_1.thy	PSS/cross-chapter:114	139
6	pss_paper.p_6_5_Red_IncrFirst	6/P_6_5_Red_IncrFirst.thy	1	exact-clean-proof	pss_mechanized.m_6_5_Red_IncrFirst	pss_mechanized.m_6_5_Red_IncrFirst	5/P_5_1_ancestor_basic_1.thy;5/P_5_1_ancestor_tree_1.thy;5/P_5_1_parent_exists_1.thy;5/P_5_1_parent_exists_2.thy;5/P_5_1_parent_exists_3.thy;6/P_6_1_le_IncrFirst_inv.thy;6/P_6_2_P_IncrFirst.thy;6/P_6_2_P_components_1.thy;6/P_6_2_mono_ancestor_slice.thy;6/P_6_4_FirstNodes_TrMax_Joints.thy;6/P_6_4_P_IdxSum.thy;6/P_6_4_mono_slice_next.thy;6/P_6_5_Lng_Red.thy;6/P_6_5_Red_welldef.thy;6/P_6_5_monoT_Red.thy;6/P_6_6_Red_leftend_1.thy	PSS/cross-chapter:164	185
6	pss_paper.p_6_5_Red_Pred	6/P_6_5_Red_Pred.thy	1	exact-clean-proof	pss_mechanized.m_6_5_Red_Pred	pss_mechanized.m_6_5_Red_Pred	5/P_5_1_ancestor_basic_1.thy;5/P_5_1_ancestor_tree_1.thy;5/P_5_1_parent_exists_1.thy;5/P_5_1_parent_exists_2.thy;5/P_5_1_parent_exists_3.thy;6/P_6_1_le_IncrFirst_inv.thy;6/P_6_2_P_additive.thy;6/P_6_2_P_components_1.thy;6/P_6_2_mono_ancestor_slice.thy;6/P_6_2_mono_prefix.thy;6/P_6_2_multi_crit_12.thy;6/P_6_2_multi_crit_23.thy;6/P_6_4_FirstNodes_TrMax_Joints.thy;6/P_6_4_P_IdxSum.thy;6/P_6_4_mono_slice_next.thy;6/P_6_5_Lng_Red.thy;6/P_6_5_Red_welldef.thy;6/P_6_5_monoT_Red.thy;6/P_6_6_Red_leftend_1.thy	PSS/cross-chapter:153	179
6	pss_paper.p_6_5_Red_adm	6/P_6_5_Red_adm.thy	1	exact-clean-proof	pss_mechanized.m_6_5_Red_adm_final	pss_mechanized.m_6_5_Red_adm_final	5/P_5_1_ancestor_basic_1.thy;5/P_5_1_ancestor_tree_1.thy;5/P_5_1_parent_exists_1.thy;5/P_5_1_parent_exists_2.thy;5/P_5_1_parent_exists_3.thy;6/P_6_1_le_IncrFirst_inv.thy;6/P_6_2_P_IncrFirst.thy;6/P_6_2_P_additive.thy;6/P_6_2_P_components_1.thy;6/P_6_2_P_components_2.thy;6/P_6_2_mono_ancestor_slice.thy;6/P_6_2_mono_prefix.thy;6/P_6_2_multi_crit_12.thy;6/P_6_2_multi_crit_23.thy;6/P_6_4_FirstNodes_Joints_mono.thy;6/P_6_4_FirstNodes_TrMax_Joints.thy;6/P_6_4_P_IdxSum.thy;6/P_6_4_P_leftend_mono.thy;6/P_6_4_mono_slice_next.thy;6/P_6_5_Lng_Red.thy;6/P_6_5_Red_IncrFirst.thy;6/P_6_5_Red_Pred.thy;6/P_6_5_Red_welldef.thy;6/P_6_5_monoT_Red.thy;6/P_6_6_P_reduced.thy;6/P_6_6_Red_leftend_1.thy;6/P_6_6_reduced_leftend.thy;6/P_6_6_reduced_slice.thy	PSS/cross-chapter:553	604
6	pss_paper.p_6_5_Red_idem	6/P_6_5_Red_idem.thy	1	exact-clean-proof	pss_mechanized.m_6_5_Red_idem	pss_mechanized.m_6_5_Red_idem	5/P_5_1_ancestor_basic_1.thy;5/P_5_1_ancestor_tree_1.thy;5/P_5_1_parent_exists_1.thy;5/P_5_1_parent_exists_2.thy;5/P_5_1_parent_exists_3.thy;6/P_6_1_le_IncrFirst_inv.thy;6/P_6_2_P_IncrFirst.thy;6/P_6_2_P_additive.thy;6/P_6_2_P_components_1.thy;6/P_6_2_mono_ancestor_slice.thy;6/P_6_4_FirstNodes_Joints_mono.thy;6/P_6_4_FirstNodes_TrMax_Joints.thy;6/P_6_4_P_IdxSum.thy;6/P_6_4_P_leftend_mono.thy;6/P_6_4_mono_slice_next.thy;6/P_6_5_Lng_Red.thy;6/P_6_5_Red_IncrFirst.thy;6/P_6_5_Red_welldef.thy;6/P_6_5_monoT_Red.thy;6/P_6_6_Red_leftend_1.thy	PSS/cross-chapter:282;chapter-6/local:1	310
6	pss_paper.p_6_5_Red_le	6/P_6_5_Red_le.thy	1	exact-clean-proof	pss_mechanized.m_6_5_Red_le_final	pss_mechanized.m_6_5_Red_le_final	5/P_5_1_ancestor_basic_1.thy;5/P_5_1_ancestor_tree_1.thy;5/P_5_1_parent_exists_1.thy;5/P_5_1_parent_exists_2.thy;5/P_5_1_parent_exists_3.thy;6/P_6_1_le_IncrFirst_inv.thy;6/P_6_2_P_IncrFirst.thy;6/P_6_2_P_additive.thy;6/P_6_2_P_components_1.thy;6/P_6_2_P_components_2.thy;6/P_6_2_mono_ancestor_slice.thy;6/P_6_2_mono_prefix.thy;6/P_6_2_multi_crit_12.thy;6/P_6_2_multi_crit_23.thy;6/P_6_4_FirstNodes_Joints_mono.thy;6/P_6_4_FirstNodes_TrMax_Joints.thy;6/P_6_4_P_IdxSum.thy;6/P_6_4_P_leftend_mono.thy;6/P_6_4_mono_slice_next.thy;6/P_6_5_Lng_Red.thy;6/P_6_5_Red_IncrFirst.thy;6/P_6_5_Red_Pred.thy;6/P_6_5_Red_welldef.thy;6/P_6_5_monoT_Red.thy;6/P_6_6_P_reduced.thy;6/P_6_6_Red_leftend_1.thy;6/P_6_6_reduced_leftend.thy;6/P_6_6_reduced_slice.thy	PSS/cross-chapter:555	607
6	pss_paper.p_6_5_Red_marked	6/P_6_5_Red_marked.thy	1	exact-clean-proof	pss_mechanized.m_6_5_Red_marked_final	pss_mechanized.m_6_5_Red_marked_final	5/P_5_1_ancestor_basic_1.thy;5/P_5_1_ancestor_tree_1.thy;5/P_5_1_parent_exists_1.thy;5/P_5_1_parent_exists_2.thy;5/P_5_1_parent_exists_3.thy;6/P_6_1_le_IncrFirst_inv.thy;6/P_6_2_P_IncrFirst.thy;6/P_6_2_P_additive.thy;6/P_6_2_P_components_1.thy;6/P_6_2_P_components_2.thy;6/P_6_2_mono_ancestor_slice.thy;6/P_6_2_mono_prefix.thy;6/P_6_2_multi_crit_12.thy;6/P_6_2_multi_crit_23.thy;6/P_6_4_FirstNodes_Joints_mono.thy;6/P_6_4_FirstNodes_TrMax_Joints.thy;6/P_6_4_P_IdxSum.thy;6/P_6_4_P_leftend_mono.thy;6/P_6_4_mono_slice_next.thy;6/P_6_5_Lng_Red.thy;6/P_6_5_Red_IncrFirst.thy;6/P_6_5_Red_Pred.thy;6/P_6_5_Red_le.thy;6/P_6_5_Red_welldef.thy;6/P_6_5_monoT_Red.thy;6/P_6_6_P_reduced.thy;6/P_6_6_Red_leftend_1.thy;6/P_6_6_reduced_leftend.thy;6/P_6_6_reduced_slice.thy	PSS/cross-chapter:555	610
6	pss_paper.p_6_5_Red_monoT	6/P_6_5_Red_monoT.thy	1	exact-clean-proof	pss_mechanized.m_6_5_Red_monoT_final	pss_mechanized.m_6_5_Red_monoT_final	5/P_5_1_ancestor_basic_1.thy;5/P_5_1_ancestor_tree_1.thy;5/P_5_1_parent_exists_1.thy;5/P_5_1_parent_exists_2.thy;5/P_5_1_parent_exists_3.thy;6/P_6_1_le_IncrFirst_inv.thy;6/P_6_2_P_components_1.thy;6/P_6_2_mono_ancestor_slice.thy;6/P_6_4_FirstNodes_TrMax_Joints.thy;6/P_6_4_P_IdxSum.thy;6/P_6_4_mono_slice_next.thy;6/P_6_5_Lng_Red.thy;6/P_6_5_Red_welldef.thy;6/P_6_5_Red_zeroT.thy;6/P_6_5_monoT_Red.thy;6/P_6_6_Red_leftend_1.thy	PSS/cross-chapter:114	137
6	pss_paper.p_6_5_Red_oper	6/P_6_5_Red_oper.thy	1	exact-clean-proof	pss_mechanized.m_6_5_Red_oper_final	pss_mechanized.m_6_5_Red_oper_final	5/P_5_1_ancestor_basic_1.thy;5/P_5_1_ancestor_tree_1.thy;5/P_5_1_parent_exists_1.thy;5/P_5_1_parent_exists_2.thy;5/P_5_1_parent_exists_3.thy;6/P_6_1_le_IncrFirst_inv.thy;6/P_6_2_P_IncrFirst.thy;6/P_6_2_P_additive.thy;6/P_6_2_P_components_1.thy;6/P_6_2_P_components_2.thy;6/P_6_2_mono_ancestor_slice.thy;6/P_6_2_mono_prefix.thy;6/P_6_2_multi_crit_12.thy;6/P_6_2_multi_crit_23.thy;6/P_6_4_FirstNodes_Joints_mono.thy;6/P_6_4_FirstNodes_TrMax_Joints.thy;6/P_6_4_P_IdxSum.thy;6/P_6_4_P_leftend_mono.thy;6/P_6_4_mono_slice_next.thy;6/P_6_5_Lng_Red.thy;6/P_6_5_Red_IncrFirst.thy;6/P_6_5_Red_Pred.thy;6/P_6_5_Red_idem.thy;6/P_6_5_Red_welldef.thy;6/P_6_5_monoT_Red.thy;6/P_6_6_P_reduced.thy;6/P_6_6_Red_leftend_1.thy;6/P_6_6_condAB_coeff.thy;6/P_6_6_reduced_iff_cond.thy;6/P_6_6_reduced_leftend.thy;6/P_6_6_reduced_oper.thy;6/P_6_6_reduced_slice.thy	PSS/cross-chapter:630;chapter-6/local:5	694
6	pss_paper.p_6_5_Red_welldef	6/P_6_5_Red_welldef.thy	1	exact-clean-proof	pss_mechanized.m_6_5_Red_welldef	pss_mechanized.m_6_5_Red_welldef	5/P_5_1_ancestor_basic_1.thy;5/P_5_1_parent_exists_1.thy;5/P_5_1_parent_exists_3.thy;6/P_6_1_le_IncrFirst_inv.thy;6/P_6_2_P_components_1.thy;6/P_6_2_mono_ancestor_slice.thy;6/P_6_4_FirstNodes_TrMax_Joints.thy;6/P_6_4_P_IdxSum.thy;6/P_6_4_mono_slice_next.thy	PSS/cross-chapter:81	92
6	pss_paper.p_6_5_Red_zeroT	6/P_6_5_Red_zeroT.thy	1	exact-clean-proof	pss_mechanized.m_6_5_Red_zeroT	pss_mechanized.m_6_5_Red_zeroT	5/P_5_1_ancestor_basic_1.thy;5/P_5_1_parent_exists_1.thy;5/P_5_1_parent_exists_3.thy;6/P_6_1_le_IncrFirst_inv.thy;6/P_6_2_P_components_1.thy;6/P_6_2_mono_ancestor_slice.thy;6/P_6_4_FirstNodes_TrMax_Joints.thy;6/P_6_4_P_IdxSum.thy;6/P_6_4_mono_slice_next.thy;6/P_6_5_Lng_Red.thy;6/P_6_5_Red_welldef.thy	PSS/cross-chapter:82	95
6	pss_paper.p_6_5_admof_Red	6/P_6_5_admof_Red.thy	1	exact-clean-proof	pss_mechanized.m_6_5_admof_Red_final	pss_mechanized.m_6_5_admof_Red_final	5/P_5_1_ancestor_basic_1.thy;5/P_5_1_ancestor_tree_1.thy;5/P_5_1_parent_exists_1.thy;5/P_5_1_parent_exists_2.thy;5/P_5_1_parent_exists_3.thy;6/P_6_1_le_IncrFirst_inv.thy;6/P_6_2_P_IncrFirst.thy;6/P_6_2_P_additive.thy;6/P_6_2_P_components_1.thy;6/P_6_2_P_components_2.thy;6/P_6_2_mono_ancestor_slice.thy;6/P_6_2_mono_prefix.thy;6/P_6_2_multi_crit_12.thy;6/P_6_2_multi_crit_23.thy;6/P_6_4_FirstNodes_Joints_mono.thy;6/P_6_4_FirstNodes_TrMax_Joints.thy;6/P_6_4_P_IdxSum.thy;6/P_6_4_P_leftend_mono.thy;6/P_6_4_mono_slice_next.thy;6/P_6_5_Lng_Red.thy;6/P_6_5_Red_IncrFirst.thy;6/P_6_5_Red_Pred.thy;6/P_6_5_Red_welldef.thy;6/P_6_5_monoT_Red.thy;6/P_6_6_P_reduced.thy;6/P_6_6_Red_leftend_1.thy;6/P_6_6_reduced_leftend.thy;6/P_6_6_reduced_slice.thy	PSS/cross-chapter:553	604
6	pss_paper.p_6_5_monoT_Red	6/P_6_5_monoT_Red.thy	1	exact-clean-proof	pss_mechanized.m_6_5_monoT_Red_m10pos	pss_mechanized.m_6_5_monoT_Red_m10pos	5/P_5_1_ancestor_basic_1.thy;5/P_5_1_ancestor_tree_1.thy;5/P_5_1_parent_exists_1.thy;5/P_5_1_parent_exists_2.thy;5/P_5_1_parent_exists_3.thy;6/P_6_1_le_IncrFirst_inv.thy;6/P_6_2_P_components_1.thy;6/P_6_2_mono_ancestor_slice.thy;6/P_6_4_FirstNodes_TrMax_Joints.thy;6/P_6_4_P_IdxSum.thy;6/P_6_4_mono_slice_next.thy;6/P_6_5_Lng_Red.thy;6/P_6_5_Red_welldef.thy;6/P_6_6_Red_leftend_1.thy	PSS/cross-chapter:103	120
6	pss_paper.p_6_6_P_reduced	6/P_6_6_P_reduced.thy	1	exact-clean-proof	pss_mechanized.m_6_6_P_reduced	pss_mechanized.m_6_6_P_reduced	5/P_5_1_ancestor_basic_1.thy;5/P_5_1_parent_exists_1.thy;5/P_5_1_parent_exists_3.thy;6/P_6_1_le_IncrFirst_inv.thy;6/P_6_2_P_components_1.thy;6/P_6_2_mono_ancestor_slice.thy;6/P_6_4_FirstNodes_TrMax_Joints.thy;6/P_6_4_P_IdxSum.thy;6/P_6_4_mono_slice_next.thy;6/P_6_5_Lng_Red.thy;6/P_6_5_Red_welldef.thy	PSS/cross-chapter:82	96
6	pss_paper.p_6_6_Red_leftend_1	6/P_6_6_Red_leftend_1.thy	1	exact-clean-proof	pss_mechanized.m_6_6_Red_leftend_1	pss_mechanized.m_6_6_Red_leftend_1	5/P_5_1_ancestor_basic_1.thy;5/P_5_1_parent_exists_1.thy;5/P_5_1_parent_exists_3.thy;6/P_6_1_le_IncrFirst_inv.thy;6/P_6_2_P_components_1.thy;6/P_6_2_mono_ancestor_slice.thy;6/P_6_4_FirstNodes_TrMax_Joints.thy;6/P_6_4_P_IdxSum.thy;6/P_6_4_mono_slice_next.thy;6/P_6_5_Lng_Red.thy;6/P_6_5_Red_welldef.thy	PSS/cross-chapter:82	95
6	pss_paper.p_6_6_Red_leftend_2	6/P_6_6_Red_leftend_2.thy	1	exact-clean-proof	pss_mechanized.m_6_6_Red_leftend_2	pss_mechanized.m_6_6_Red_leftend_2	5/P_5_1_ancestor_basic_1.thy;5/P_5_1_ancestor_tree_1.thy;5/P_5_1_parent_exists_1.thy;5/P_5_1_parent_exists_2.thy;5/P_5_1_parent_exists_3.thy;6/P_6_1_le_IncrFirst_inv.thy;6/P_6_2_P_components_1.thy;6/P_6_2_mono_ancestor_slice.thy;6/P_6_4_FirstNodes_TrMax_Joints.thy;6/P_6_4_P_IdxSum.thy;6/P_6_4_mono_slice_next.thy;6/P_6_5_Lng_Red.thy;6/P_6_5_Red_welldef.thy;6/P_6_5_monoT_Red.thy;6/P_6_6_Red_leftend_1.thy	PSS/cross-chapter:103	121
6	pss_paper.p_6_6_ancestor_slice_Red_IncrFirst	6/P_6_6_ancestor_slice_Red_IncrFirst.thy	1	exact-clean-proof	pss_mechanized.m_6_6_ancestor_slice_Red_IncrFirst	pss_mechanized.m_6_6_ancestor_slice_Red_IncrFirst	5/P_5_1_ancestor_basic_1.thy;5/P_5_1_ancestor_tree_1.thy;5/P_5_1_parent_exists_1.thy;5/P_5_1_parent_exists_2.thy;5/P_5_1_parent_exists_3.thy;6/P_6_1_le_IncrFirst_inv.thy;6/P_6_2_P_IncrFirst.thy;6/P_6_2_P_additive.thy;6/P_6_2_P_components_1.thy;6/P_6_2_P_components_2.thy;6/P_6_2_mono_ancestor_slice.thy;6/P_6_2_mono_prefix.thy;6/P_6_2_multi_crit_12.thy;6/P_6_2_multi_crit_23.thy;6/P_6_4_FirstNodes_Joints_mono.thy;6/P_6_4_FirstNodes_TrMax_Joints.thy;6/P_6_4_P_IdxSum.thy;6/P_6_4_P_leftend_mono.thy;6/P_6_4_mono_slice_next.thy;6/P_6_5_Lng_Red.thy;6/P_6_5_Red_IncrFirst.thy;6/P_6_5_Red_Pred.thy;6/P_6_5_Red_welldef.thy;6/P_6_5_monoT_Red.thy;6/P_6_6_P_reduced.thy;6/P_6_6_Red_leftend_1.thy;6/P_6_6_condAB_coeff.thy;6/P_6_6_reduced_coeff.thy;6/P_6_6_reduced_iff_cond.thy;6/P_6_6_reduced_leftend.thy;6/P_6_6_reduced_slice.thy	PSS/cross-chapter:537	589
6	pss_paper.p_6_6_condAB_coeff	6/P_6_6_condAB_coeff.thy	1	exact-clean-proof	pss_mechanized.m_6_6_condAB_coeff	pss_mechanized.m_6_6_condAB_coeff	5/P_5_1_ancestor_basic_1.thy;5/P_5_1_ancestor_tree_1.thy;5/P_5_1_parent_exists_1.thy;5/P_5_1_parent_exists_2.thy;5/P_5_1_parent_exists_3.thy;6/P_6_2_P_components_1.thy;6/P_6_2_mono_ancestor_slice.thy;6/P_6_4_P_IdxSum.thy	PSS/cross-chapter:32	42
6	pss_paper.p_6_6_oneColumn	6/P_6_6_oneColumn.thy	1	exact-clean-proof	pss_mechanized.m_6_6_oneColumn	pss_mechanized.m_6_6_oneColumn	5/P_5_1_ancestor_basic_1.thy;5/P_5_1_ancestor_tree_1.thy;5/P_5_1_parent_exists_1.thy;5/P_5_1_parent_exists_2.thy;5/P_5_1_parent_exists_3.thy;6/P_6_1_le_IncrFirst_inv.thy;6/P_6_2_P_IncrFirst.thy;6/P_6_2_P_components_1.thy;6/P_6_2_mono_ancestor_slice.thy;6/P_6_4_FirstNodes_TrMax_Joints.thy;6/P_6_4_P_IdxSum.thy;6/P_6_4_mono_slice_next.thy;6/P_6_5_Lng_Red.thy;6/P_6_5_Red_welldef.thy;6/P_6_5_monoT_Red.thy;6/P_6_6_Red_leftend_1.thy	PSS/cross-chapter:207	228
6	pss_paper.p_6_6_reduced_coeff	6/P_6_6_reduced_coeff.thy	1	exact-clean-proof	pss_mechanized.m_6_6_reduced_coeff	pss_mechanized.m_6_6_reduced_coeff	5/P_5_1_ancestor_basic_1.thy;5/P_5_1_ancestor_tree_1.thy;5/P_5_1_parent_exists_1.thy;5/P_5_1_parent_exists_2.thy;5/P_5_1_parent_exists_3.thy;6/P_6_1_le_IncrFirst_inv.thy;6/P_6_2_P_IncrFirst.thy;6/P_6_2_P_additive.thy;6/P_6_2_P_components_1.thy;6/P_6_2_P_components_2.thy;6/P_6_2_mono_ancestor_slice.thy;6/P_6_2_mono_prefix.thy;6/P_6_2_multi_crit_12.thy;6/P_6_2_multi_crit_23.thy;6/P_6_4_FirstNodes_Joints_mono.thy;6/P_6_4_FirstNodes_TrMax_Joints.thy;6/P_6_4_P_IdxSum.thy;6/P_6_4_P_leftend_mono.thy;6/P_6_4_mono_slice_next.thy;6/P_6_5_Lng_Red.thy;6/P_6_5_Red_IncrFirst.thy;6/P_6_5_Red_Pred.thy;6/P_6_5_Red_welldef.thy;6/P_6_5_monoT_Red.thy;6/P_6_6_P_reduced.thy;6/P_6_6_Red_leftend_1.thy;6/P_6_6_reduced_leftend.thy;6/P_6_6_reduced_slice.thy	PSS/cross-chapter:416	457
6	pss_paper.p_6_6_reduced_iff_cond	6/P_6_6_reduced_iff_cond.thy	1	exact-clean-proof	pss_mechanized.m_6_6_reduced_iff_cond	pss_mechanized.m_6_6_reduced_iff_cond	5/P_5_1_ancestor_basic_1.thy;5/P_5_1_ancestor_tree_1.thy;5/P_5_1_parent_exists_1.thy;5/P_5_1_parent_exists_2.thy;5/P_5_1_parent_exists_3.thy;6/P_6_1_le_IncrFirst_inv.thy;6/P_6_2_P_IncrFirst.thy;6/P_6_2_P_additive.thy;6/P_6_2_P_components_1.thy;6/P_6_2_P_components_2.thy;6/P_6_2_mono_ancestor_slice.thy;6/P_6_2_mono_prefix.thy;6/P_6_2_multi_crit_12.thy;6/P_6_2_multi_crit_23.thy;6/P_6_4_FirstNodes_Joints_mono.thy;6/P_6_4_FirstNodes_TrMax_Joints.thy;6/P_6_4_P_IdxSum.thy;6/P_6_4_P_leftend_mono.thy;6/P_6_4_mono_slice_next.thy;6/P_6_5_Lng_Red.thy;6/P_6_5_Red_IncrFirst.thy;6/P_6_5_Red_Pred.thy;6/P_6_5_Red_welldef.thy;6/P_6_5_monoT_Red.thy;6/P_6_6_P_reduced.thy;6/P_6_6_Red_leftend_1.thy;6/P_6_6_condAB_coeff.thy;6/P_6_6_reduced_leftend.thy;6/P_6_6_reduced_slice.thy	PSS/cross-chapter:494	543
6	pss_paper.p_6_6_reduced_leftend	6/P_6_6_reduced_leftend.thy	1	named-corrected-or-partial		pss_mechanized.m_6_6_reduced_leftend	5/P_5_1_ancestor_basic_1.thy;5/P_5_1_ancestor_tree_1.thy;5/P_5_1_parent_exists_1.thy;5/P_5_1_parent_exists_2.thy;5/P_5_1_parent_exists_3.thy;6/P_6_1_le_IncrFirst_inv.thy;6/P_6_2_P_IncrFirst.thy;6/P_6_2_P_components_1.thy;6/P_6_2_mono_ancestor_slice.thy;6/P_6_4_FirstNodes_TrMax_Joints.thy;6/P_6_4_P_IdxSum.thy;6/P_6_4_mono_slice_next.thy;6/P_6_5_Lng_Red.thy;6/P_6_5_Red_welldef.thy;6/P_6_5_monoT_Red.thy;6/P_6_6_Red_leftend_1.thy	PSS/cross-chapter:166	187
6	pss_paper.p_6_6_reduced_oper	6/P_6_6_reduced_oper.thy	1	exact-clean-proof	pss_mechanized.m_6_6_reduced_oper	pss_mechanized.m_6_6_reduced_oper	5/P_5_1_ancestor_basic_1.thy;5/P_5_1_ancestor_tree_1.thy;5/P_5_1_parent_exists_1.thy;5/P_5_1_parent_exists_2.thy;5/P_5_1_parent_exists_3.thy;6/P_6_1_le_IncrFirst_inv.thy;6/P_6_2_P_IncrFirst.thy;6/P_6_2_P_additive.thy;6/P_6_2_P_components_1.thy;6/P_6_2_P_components_2.thy;6/P_6_2_mono_ancestor_slice.thy;6/P_6_2_mono_prefix.thy;6/P_6_2_multi_crit_12.thy;6/P_6_2_multi_crit_23.thy;6/P_6_4_FirstNodes_Joints_mono.thy;6/P_6_4_FirstNodes_TrMax_Joints.thy;6/P_6_4_P_IdxSum.thy;6/P_6_4_P_leftend_mono.thy;6/P_6_4_mono_slice_next.thy;6/P_6_5_Lng_Red.thy;6/P_6_5_Red_IncrFirst.thy;6/P_6_5_Red_Pred.thy;6/P_6_5_Red_welldef.thy;6/P_6_5_monoT_Red.thy;6/P_6_6_P_reduced.thy;6/P_6_6_Red_leftend_1.thy;6/P_6_6_condAB_coeff.thy;6/P_6_6_reduced_iff_cond.thy;6/P_6_6_reduced_leftend.thy;6/P_6_6_reduced_slice.thy	PSS/cross-chapter:581	631
6	pss_paper.p_6_6_reduced_slice	6/P_6_6_reduced_slice.thy	1	exact-clean-proof	pss_mechanized.herd_6_6_reduced_slice	pss_mechanized.herd_6_6_reduced_slice	5/P_5_1_ancestor_basic_1.thy;5/P_5_1_ancestor_tree_1.thy;5/P_5_1_parent_exists_1.thy;5/P_5_1_parent_exists_2.thy;5/P_5_1_parent_exists_3.thy;6/P_6_1_le_IncrFirst_inv.thy;6/P_6_2_P_additive.thy;6/P_6_2_P_components_1.thy;6/P_6_2_mono_ancestor_slice.thy;6/P_6_2_mono_prefix.thy;6/P_6_2_multi_crit_12.thy;6/P_6_2_multi_crit_23.thy;6/P_6_4_FirstNodes_TrMax_Joints.thy;6/P_6_4_P_IdxSum.thy;6/P_6_4_mono_slice_next.thy;6/P_6_5_Lng_Red.thy;6/P_6_5_Red_Pred.thy;6/P_6_5_Red_welldef.thy;6/P_6_5_monoT_Red.thy;6/P_6_6_Red_leftend_1.thy	PSS/cross-chapter:157	183
6	pss_paper.p_6_7_ST_eq_Union_SkT	6/P_6_7_ST_eq_Union_SkT.thy	1	exact-clean-proof	pss_mechanized.m_6_7_ST_eq_Union_SkT	pss_mechanized.m_6_7_ST_eq_Union_SkT		PSS/cross-chapter:3	4
6	pss_paper.p_6_7_standard_P_components	6/P_6_7_standard_P_components.thy	1	exact-clean-proof	pss_mechanized.m_6_7_standard_P_components	pss_mechanized.m_6_7_standard_P_components	5/P_5_1_ancestor_basic_1.thy;5/P_5_1_parent_exists_1.thy;5/P_5_1_parent_exists_3.thy;5/P_5_3_pred_is_oper1.thy;6/P_6_2_P_additive.thy;6/P_6_2_P_components_1.thy;6/P_6_2_P_components_2.thy;6/P_6_2_P_oper_1.thy;6/P_6_2_P_oper_2.thy;6/P_6_2_mono_ancestor_slice.thy;6/P_6_2_multi_crit_12.thy;6/P_6_2_multi_crit_23.thy;6/P_6_2_nonmulti_oper_1.thy;6/P_6_2_nonmulti_oper_2.thy	PSS/cross-chapter:57	73
6	pss_paper.p_6_7_standard_prefix	6/P_6_7_standard_prefix.thy	1	exact-clean-proof	pss_mechanized.ST_PS_seg_0_aux;pss_mechanized.m_6_7_standard_prefix	pss_mechanized.ST_PS_seg_0_aux;pss_mechanized.m_6_7_standard_prefix	5/P_5_3_pred_is_oper1.thy	PSS/cross-chapter:10	12
6	pss_paper.p_6_7_standard_reduced	6/P_6_7_standard_reduced.thy	1	exact-clean-proof	pss_mechanized.m_6_7_ST_PS_subseteq_RT_PS	pss_mechanized.m_6_7_ST_PS_subseteq_RT_PS	5/P_5_1_ancestor_basic_1.thy;5/P_5_1_ancestor_tree_1.thy;5/P_5_1_parent_exists_1.thy;5/P_5_1_parent_exists_2.thy;5/P_5_1_parent_exists_3.thy;6/P_6_1_le_IncrFirst_inv.thy;6/P_6_2_P_IncrFirst.thy;6/P_6_2_P_additive.thy;6/P_6_2_P_components_1.thy;6/P_6_2_P_components_2.thy;6/P_6_2_mono_ancestor_slice.thy;6/P_6_2_mono_prefix.thy;6/P_6_2_multi_crit_12.thy;6/P_6_2_multi_crit_23.thy;6/P_6_4_FirstNodes_Joints_mono.thy;6/P_6_4_FirstNodes_TrMax_Joints.thy;6/P_6_4_P_IdxSum.thy;6/P_6_4_P_leftend_mono.thy;6/P_6_4_mono_slice_next.thy;6/P_6_5_Lng_Red.thy;6/P_6_5_Red_IncrFirst.thy;6/P_6_5_Red_Pred.thy;6/P_6_5_Red_welldef.thy;6/P_6_5_monoT_Red.thy;6/P_6_6_P_reduced.thy;6/P_6_6_Red_leftend_1.thy;6/P_6_6_condAB_coeff.thy;6/P_6_6_reduced_iff_cond.thy;6/P_6_6_reduced_leftend.thy;6/P_6_6_reduced_slice.thy	PSS/cross-chapter:583	635
6	pss_paper.p_6_8_standard_P_descending	6/P_6_8_standard_P_descending.thy	1	exact-clean-proof	pss_mechanized.m_6_8_standard_P_descending	pss_mechanized.m_6_8_standard_P_descending	5/P_5_1_ancestor_basic_1.thy;5/P_5_1_parent_exists_1.thy;5/P_5_1_parent_exists_3.thy;5/P_5_3_pred_is_oper1.thy;6/P_6_2_P_additive.thy;6/P_6_2_P_components_1.thy;6/P_6_2_P_components_2.thy;6/P_6_2_P_oper_1.thy;6/P_6_2_P_oper_2.thy;6/P_6_2_mono_ancestor_slice.thy;6/P_6_2_multi_crit_12.thy;6/P_6_2_multi_crit_23.thy;6/P_6_2_nonmulti_oper_1.thy;6/P_6_2_nonmulti_oper_2.thy;6/P_6_7_standard_P_components.thy	PSS/cross-chapter:59;chapter-6/local:3	79
6	pss_paper.p_6_8_standard_slice_Br_descending	6/P_6_8_standard_slice_Br_descending.thy	1	exact-clean-proof	pss_mechanized.m_6_8_standard_slice_Br_descending	pss_mechanized.m_6_8_standard_slice_Br_descending	5/P_5_1_ancestor_basic_1.thy;5/P_5_1_ancestor_tree_1.thy;5/P_5_1_parent_exists_1.thy;5/P_5_1_parent_exists_3.thy;5/P_5_3_pred_is_oper1.thy;6/P_6_1_le_IncrFirst_inv.thy;6/P_6_2_P_IncrFirst.thy;6/P_6_2_P_additive.thy;6/P_6_2_P_components_1.thy;6/P_6_2_P_components_2.thy;6/P_6_2_P_oper_1.thy;6/P_6_2_P_oper_2.thy;6/P_6_2_mono_ancestor_slice.thy;6/P_6_2_multi_crit_12.thy;6/P_6_2_multi_crit_23.thy;6/P_6_2_nonmulti_oper_1.thy;6/P_6_2_nonmulti_oper_2.thy;6/P_6_4_FirstNodes_TrMax_Joints.thy;6/P_6_4_P_IdxSum.thy;6/P_6_4_mono_slice_next.thy;6/P_6_7_ST_eq_Union_SkT.thy;6/P_6_7_standard_P_components.thy	PSS/cross-chapter:236	261
7	pss_paper.p_7_1_lessBT_linord	7/P_7_1_lessBT_linord.thy	3	exact-clean-proof	pss_mechanized.lessBT_irrefl;pss_mechanized.lessBT_total;pss_mechanized.lessBT_trans;pss_mechanized.m_7_1_lessBT_linord	pss_mechanized.lessBT_irrefl;pss_mechanized.lessBT_total;pss_mechanized.lessBT_trans;pss_mechanized.m_7_1_lessBT_linord		PSS/cross-chapter:7	8
7	pss_paper.p_7_1_paren_balance	7/P_7_1_paren_balance.thy	1	exact-clean-proof	pss_mechanized.m_7_1_paren_balance	pss_mechanized.m_7_1_paren_balance		PSS/cross-chapter:2	3
7	pss_paper.p_7_1_term_components	7/P_7_1_term_components.thy	1	exact-clean-proof	pss_mechanized.m_7_1_term_components	pss_mechanized.m_7_1_term_components			1
7	pss_paper.p_7_2_RightNodes_subexpr	7/P_7_2_RightNodes_subexpr.thy	1	named-corrected-or-partial		pss_mechanized.m_7_2_RightNodes_subexpr		PSS/cross-chapter:13;chapter-7/local:3	17
7	pss_paper.p_7_2_add_scb	7/P_7_2_add_scb.thy	3	exact-clean-proof	pss_mechanized.m_7_2_add_scb_conj1;pss_mechanized.m_7_2_add_scb_conj2	pss_mechanized.m_7_2_add_scb_conj1;pss_mechanized.m_7_2_add_scb_conj2		PSS/cross-chapter:9	12
7	pss_paper.p_7_2_scb_compose	7/P_7_2_scb_compose.thy	2	named-corrected-or-partial		pss_mechanized.m_7_2_scb_compose		PSS/cross-chapter:1	2
7	pss_paper.p_7_2_scb_fseq	7/P_7_2_scb_fseq.thy	3	named-corrected-or-partial		pss_wip.m_7_2_scb_fseq_inner;pss_wip.m_7_2_scb_fseq_kind1_basic;pss_wip.m_7_2_scb_fseq_kind1_general;pss_wip.m_7_2_scb_fseq_scb;pss_wip.m_7_2_scb_fseq_succ		PSS/cross-chapter:78;chapter-7/local:2	87
7	pss_paper.p_7_2_scb_replaceable	7/P_7_2_scb_replaceable.thy	1	named-corrected-or-partial		pss_mechanized.m_7_2_scb_replaceable_corr_mod_image;pss_mechanized.m_7_2_scb_replaceable_counterexample;pss_mechanized.m_7_2_scb_replaceable_t0zero;pss_scratch.y3u_p_7_2_scb_replaceable		PSS/cross-chapter:11;chapter-7/local:18	33
7	pss_paper.p_7_2_scb_triviality	7/P_7_2_scb_triviality.thy	2	exact-clean-proof	pss_mechanized.m_7_2_scb_triviality	pss_mechanized.m_7_2_scb_triviality		PSS/cross-chapter:14	16
7	pss_paper.p_7_2_scb_unique	7/P_7_2_scb_unique.thy	5	exact-clean-proof	pss_mechanized.m_7_2_scb_unique_decomp	pss_mechanized.m_7_2_scb_unique_decomp		PSS/cross-chapter:4	6
7	pss_paper.p_7_3_Mark_IncrFirst_Red	7/P_7_3_Mark_IncrFirst_Red.thy	2	unmapped					0
7	pss_paper.p_7_3_Mark_rightmost1	7/P_7_3_Mark_rightmost1.thy	1	named-corrected-or-partial		pss_wip.m_7_3_Mark_rightmost1	5/P_5_1_ancestor_basic_1.thy;5/P_5_1_ancestor_tree_1.thy;5/P_5_1_parent_exists_1.thy;5/P_5_1_parent_exists_2.thy;5/P_5_1_parent_exists_3.thy;6/P_6_1_le_IncrFirst_inv.thy;6/P_6_2_P_IncrFirst.thy;6/P_6_2_P_additive.thy;6/P_6_2_P_components_1.thy;6/P_6_2_P_components_2.thy;6/P_6_2_mono_ancestor_slice.thy;6/P_6_2_mono_prefix.thy;6/P_6_2_multi_crit_12.thy;6/P_6_2_multi_crit_23.thy;6/P_6_4_FirstNodes_Joints_mono.thy;6/P_6_4_FirstNodes_TrMax_Joints.thy;6/P_6_4_P_IdxSum.thy;6/P_6_4_P_leftend_mono.thy;6/P_6_4_mono_slice_next.thy;6/P_6_5_Lng_Red.thy;6/P_6_5_Red_IncrFirst.thy;6/P_6_5_Red_Pred.thy;6/P_6_5_Red_welldef.thy;6/P_6_5_monoT_Red.thy;6/P_6_6_P_reduced.thy;6/P_6_6_Red_leftend_1.thy;6/P_6_6_condAB_coeff.thy;6/P_6_6_oneColumn.thy;6/P_6_6_reduced_iff_cond.thy;6/P_6_6_reduced_leftend.thy;6/P_6_6_reduced_slice.thy;7/P_7_2_scb_compose.thy;7/P_7_3_c1_c2.thy	PSS/cross-chapter:610	670
7	pss_paper.p_7_3_Pred_Trans_descend	7/P_7_3_Pred_Trans_descend.thy	1	exact-clean-proof	pss_scratch.y3r_7_3_Pred_Trans_descend_TPS	pss_scratch.y3r_7_3_Pred_Trans_descend_TPS	5/P_5_1_ancestor_basic_1.thy;5/P_5_1_ancestor_tree_1.thy;5/P_5_1_parent_exists_1.thy;5/P_5_1_parent_exists_2.thy;5/P_5_1_parent_exists_3.thy;6/P_6_1_le_IncrFirst_inv.thy;6/P_6_2_P_IncrFirst.thy;6/P_6_2_P_additive.thy;6/P_6_2_P_components_1.thy;6/P_6_2_P_components_2.thy;6/P_6_2_mono_ancestor_slice.thy;6/P_6_2_mono_prefix.thy;6/P_6_2_multi_crit_12.thy;6/P_6_2_multi_crit_23.thy;6/P_6_4_FirstNodes_Joints_mono.thy;6/P_6_4_FirstNodes_TrMax_Joints.thy;6/P_6_4_P_IdxSum.thy;6/P_6_4_P_leftend_mono.thy;6/P_6_4_mono_slice_next.thy;6/P_6_5_Lng_Red.thy;6/P_6_5_Red_IncrFirst.thy;6/P_6_5_Red_Pred.thy;6/P_6_5_Red_welldef.thy;6/P_6_5_Red_zeroT.thy;6/P_6_5_monoT_Red.thy;6/P_6_6_P_reduced.thy;6/P_6_6_Red_leftend_1.thy;6/P_6_6_condAB_coeff.thy;6/P_6_6_oneColumn.thy;6/P_6_6_reduced_iff_cond.thy;6/P_6_6_reduced_leftend.thy;6/P_6_6_reduced_slice.thy;7/P_7_1_term_components.thy;7/P_7_2_scb_compose.thy;7/P_7_3_c1_c2.thy	PSS/cross-chapter:628;chapter-7/local:24	714
7	pss_paper.p_7_3_Trans_IncrFirst_Red	7/P_7_3_Trans_IncrFirst_Red.thy	2	unmapped					0
7	pss_paper.p_7_3_Trans_monoT	7/P_7_3_Trans_monoT.thy	1	exact-clean-proof	pss_wip.m_7_3_Trans_monoT	pss_wip.m_7_3_Trans_monoT	5/P_5_1_ancestor_basic_1.thy;5/P_5_1_ancestor_tree_1.thy;5/P_5_1_parent_exists_1.thy;5/P_5_1_parent_exists_2.thy;5/P_5_1_parent_exists_3.thy;6/P_6_1_le_IncrFirst_inv.thy;6/P_6_2_P_IncrFirst.thy;6/P_6_2_P_additive.thy;6/P_6_2_P_components_1.thy;6/P_6_2_P_components_2.thy;6/P_6_2_mono_ancestor_slice.thy;6/P_6_2_mono_prefix.thy;6/P_6_2_multi_crit_12.thy;6/P_6_2_multi_crit_23.thy;6/P_6_4_FirstNodes_Joints_mono.thy;6/P_6_4_FirstNodes_TrMax_Joints.thy;6/P_6_4_P_IdxSum.thy;6/P_6_4_P_leftend_mono.thy;6/P_6_4_mono_slice_next.thy;6/P_6_5_Lng_Red.thy;6/P_6_5_Red_IncrFirst.thy;6/P_6_5_Red_Pred.thy;6/P_6_5_Red_welldef.thy;6/P_6_5_monoT_Red.thy;6/P_6_6_P_reduced.thy;6/P_6_6_Red_leftend_1.thy;6/P_6_6_condAB_coeff.thy;6/P_6_6_oneColumn.thy;6/P_6_6_reduced_iff_cond.thy;6/P_6_6_reduced_leftend.thy;6/P_6_6_reduced_slice.thy;7/P_7_2_scb_compose.thy	PSS/cross-chapter:599	659
7	pss_paper.p_7_3_Trans_zeroT	7/P_7_3_Trans_zeroT.thy	1	exact-clean-proof	pss_scratch.y3r_7_3_Trans_zeroT_TPS	pss_scratch.y3r_7_3_Trans_zeroT_TPS	5/P_5_1_ancestor_basic_1.thy;5/P_5_1_ancestor_tree_1.thy;5/P_5_1_parent_exists_1.thy;5/P_5_1_parent_exists_2.thy;5/P_5_1_parent_exists_3.thy;6/P_6_1_le_IncrFirst_inv.thy;6/P_6_2_P_IncrFirst.thy;6/P_6_2_P_additive.thy;6/P_6_2_P_components_1.thy;6/P_6_2_P_components_2.thy;6/P_6_2_mono_ancestor_slice.thy;6/P_6_2_mono_prefix.thy;6/P_6_2_multi_crit_12.thy;6/P_6_2_multi_crit_23.thy;6/P_6_4_FirstNodes_Joints_mono.thy;6/P_6_4_FirstNodes_TrMax_Joints.thy;6/P_6_4_P_IdxSum.thy;6/P_6_4_P_leftend_mono.thy;6/P_6_4_mono_slice_next.thy;6/P_6_5_Lng_Red.thy;6/P_6_5_Red_IncrFirst.thy;6/P_6_5_Red_Pred.thy;6/P_6_5_Red_welldef.thy;6/P_6_5_Red_zeroT.thy;6/P_6_5_monoT_Red.thy;6/P_6_6_P_reduced.thy;6/P_6_6_Red_leftend_1.thy;6/P_6_6_condAB_coeff.thy;6/P_6_6_oneColumn.thy;6/P_6_6_reduced_iff_cond.thy;6/P_6_6_reduced_leftend.thy;6/P_6_6_reduced_slice.thy;7/P_7_2_scb_compose.thy	PSS/cross-chapter:595;chapter-7/local:21	674
7	pss_paper.p_7_3_c1_c2	7/P_7_3_c1_c2.thy	3	exact-clean-proof	pss_wip.transC1_lessBT_transC2_full;pss_wip.transC1_single_principal	pss_wip.transC1_lessBT_transC2_full;pss_wip.transC1_single_principal	5/P_5_1_ancestor_basic_1.thy;5/P_5_1_ancestor_tree_1.thy;5/P_5_1_parent_exists_1.thy;5/P_5_1_parent_exists_2.thy;5/P_5_1_parent_exists_3.thy;6/P_6_1_le_IncrFirst_inv.thy;6/P_6_2_P_IncrFirst.thy;6/P_6_2_P_additive.thy;6/P_6_2_P_components_1.thy;6/P_6_2_P_components_2.thy;6/P_6_2_mono_ancestor_slice.thy;6/P_6_2_mono_prefix.thy;6/P_6_2_multi_crit_12.thy;6/P_6_2_multi_crit_23.thy;6/P_6_4_FirstNodes_Joints_mono.thy;6/P_6_4_FirstNodes_TrMax_Joints.thy;6/P_6_4_P_IdxSum.thy;6/P_6_4_P_leftend_mono.thy;6/P_6_4_mono_slice_next.thy;6/P_6_5_Lng_Red.thy;6/P_6_5_Red_IncrFirst.thy;6/P_6_5_Red_Pred.thy;6/P_6_5_Red_welldef.thy;6/P_6_5_monoT_Red.thy;6/P_6_6_P_reduced.thy;6/P_6_6_Red_leftend_1.thy;6/P_6_6_condAB_coeff.thy;6/P_6_6_oneColumn.thy;6/P_6_6_reduced_iff_cond.thy;6/P_6_6_reduced_leftend.thy;6/P_6_6_reduced_slice.thy;7/P_7_1_term_components.thy;7/P_7_2_scb_compose.thy	PSS/cross-chapter:621	681
7	pss_paper.p_7_3_twoColumn	7/P_7_3_twoColumn.thy	5	exact-clean-proof	pss_wip.m_7_3_twoColumn_Mark;pss_wip.m_7_3_twoColumn_Marked;pss_wip.m_7_3_twoColumn_Trans	pss_wip.m_7_3_twoColumn_Mark;pss_wip.m_7_3_twoColumn_Marked;pss_wip.m_7_3_twoColumn_Trans	5/P_5_1_ancestor_basic_1.thy;5/P_5_1_ancestor_tree_1.thy;5/P_5_1_parent_exists_1.thy;5/P_5_1_parent_exists_2.thy;5/P_5_1_parent_exists_3.thy;6/P_6_1_le_IncrFirst_inv.thy;6/P_6_2_P_IncrFirst.thy;6/P_6_2_P_additive.thy;6/P_6_2_P_components_1.thy;6/P_6_2_P_components_2.thy;6/P_6_2_mono_ancestor_slice.thy;6/P_6_2_mono_prefix.thy;6/P_6_2_multi_crit_12.thy;6/P_6_2_multi_crit_23.thy;6/P_6_4_FirstNodes_Joints_mono.thy;6/P_6_4_FirstNodes_TrMax_Joints.thy;6/P_6_4_P_IdxSum.thy;6/P_6_4_P_leftend_mono.thy;6/P_6_4_mono_slice_next.thy;6/P_6_5_Lng_Red.thy;6/P_6_5_Red_IncrFirst.thy;6/P_6_5_Red_Pred.thy;6/P_6_5_Red_welldef.thy;6/P_6_5_monoT_Red.thy;6/P_6_6_P_reduced.thy;6/P_6_6_Red_leftend_1.thy;6/P_6_6_condAB_coeff.thy;6/P_6_6_oneColumn.thy;6/P_6_6_reduced_iff_cond.thy;6/P_6_6_reduced_leftend.thy;6/P_6_6_reduced_slice.thy	PSS/cross-chapter:565	623
7	pss_paper.p_7_4_Adm_nextAdm	7/P_7_4_Adm_nextAdm.thy	1	exact-clean-proof	pss_mechanized.m_7_4_Adm_nextAdm	pss_mechanized.m_7_4_Adm_nextAdm		PSS/cross-chapter:14;chapter-7/local:3	18
7	pss_paper.p_7_4_Mark_Trans_repr	7/P_7_4_Mark_Trans_repr.thy	1	exact-clean-proof	pss_wip.m_7_4_Mark_Trans_repr	pss_wip.m_7_4_Mark_Trans_repr	5/P_5_1_ancestor_basic_1.thy;5/P_5_1_ancestor_tree_1.thy;5/P_5_1_parent_exists_1.thy;5/P_5_1_parent_exists_2.thy;5/P_5_1_parent_exists_3.thy;6/P_6_1_le_IncrFirst_inv.thy;6/P_6_2_P_IncrFirst.thy;6/P_6_2_P_additive.thy;6/P_6_2_P_components_1.thy;6/P_6_2_P_components_2.thy;6/P_6_2_mono_ancestor_slice.thy;6/P_6_2_mono_prefix.thy;6/P_6_2_multi_crit_12.thy;6/P_6_2_multi_crit_23.thy;6/P_6_3_adm_slice.thy;6/P_6_3_admof_slice.thy;6/P_6_4_FirstNodes_Joints_mono.thy;6/P_6_4_FirstNodes_TrMax_Joints.thy;6/P_6_4_P_IdxSum.thy;6/P_6_4_P_leftend_mono.thy;6/P_6_4_mono_slice_next.thy;6/P_6_5_Lng_Red.thy;6/P_6_5_Red_IncrFirst.thy;6/P_6_5_Red_Pred.thy;6/P_6_5_Red_welldef.thy;6/P_6_5_monoT_Red.thy;6/P_6_6_P_reduced.thy;6/P_6_6_Red_leftend_1.thy;6/P_6_6_ancestor_slice_Red_IncrFirst.thy;6/P_6_6_condAB_coeff.thy;6/P_6_6_oneColumn.thy;6/P_6_6_reduced_coeff.thy;6/P_6_6_reduced_iff_cond.thy;6/P_6_6_reduced_leftend.thy;6/P_6_6_reduced_slice.thy;7/P_7_2_scb_compose.thy;7/P_7_3_Mark_rightmost1.thy;7/P_7_3_c1_c2.thy;7/P_7_3_twoColumn.thy	PSS/cross-chapter:637	722
7	pss_paper.p_7_4_Mark_nextAdm	7/P_7_4_Mark_nextAdm.thy	1	named-corrected-or-partial		pss_wip.m_7_4_Mark_nextAdm	5/P_5_1_ancestor_basic_1.thy;5/P_5_1_ancestor_tree_1.thy;5/P_5_1_parent_exists_1.thy;5/P_5_1_parent_exists_2.thy;5/P_5_1_parent_exists_3.thy;6/P_6_1_le_IncrFirst_inv.thy;6/P_6_2_P_IncrFirst.thy;6/P_6_2_P_additive.thy;6/P_6_2_P_components_1.thy;6/P_6_2_P_components_2.thy;6/P_6_2_mono_ancestor_slice.thy;6/P_6_2_mono_prefix.thy;6/P_6_2_multi_crit_12.thy;6/P_6_2_multi_crit_23.thy;6/P_6_4_FirstNodes_Joints_mono.thy;6/P_6_4_FirstNodes_TrMax_Joints.thy;6/P_6_4_P_IdxSum.thy;6/P_6_4_P_leftend_mono.thy;6/P_6_4_mono_slice_next.thy;6/P_6_5_Lng_Red.thy;6/P_6_5_Red_IncrFirst.thy;6/P_6_5_Red_Pred.thy;6/P_6_5_Red_welldef.thy;6/P_6_5_monoT_Red.thy;6/P_6_6_P_reduced.thy;6/P_6_6_Red_leftend_1.thy;6/P_6_6_condAB_coeff.thy;6/P_6_6_oneColumn.thy;6/P_6_6_reduced_iff_cond.thy;6/P_6_6_reduced_leftend.thy;6/P_6_6_reduced_slice.thy;7/P_7_2_scb_compose.thy;7/P_7_4_Trans_Mark_Pred.thy	PSS/cross-chapter:609	670
7	pss_paper.p_7_4_RightAnces_RightNodes	7/P_7_4_RightAnces_RightNodes.thy	1	exact-clean-proof	pss_scratch.y3r_7_4_RightAnces_RightNodes_TPS	pss_scratch.y3r_7_4_RightAnces_RightNodes_TPS	5/P_5_1_ancestor_basic_1.thy;5/P_5_1_ancestor_tree_1.thy;5/P_5_1_parent_exists_1.thy;5/P_5_1_parent_exists_2.thy;5/P_5_1_parent_exists_3.thy;6/P_6_1_le_IncrFirst_inv.thy;6/P_6_2_P_IncrFirst.thy;6/P_6_2_P_additive.thy;6/P_6_2_P_components_1.thy;6/P_6_2_P_components_2.thy;6/P_6_2_mono_ancestor_slice.thy;6/P_6_2_mono_prefix.thy;6/P_6_2_multi_crit_12.thy;6/P_6_2_multi_crit_23.thy;6/P_6_4_FirstNodes_Joints_mono.thy;6/P_6_4_FirstNodes_TrMax_Joints.thy;6/P_6_4_P_IdxSum.thy;6/P_6_4_P_leftend_mono.thy;6/P_6_4_mono_slice_next.thy;6/P_6_5_Lng_Red.thy;6/P_6_5_Red_IncrFirst.thy;6/P_6_5_Red_Pred.thy;6/P_6_5_Red_welldef.thy;6/P_6_5_Red_zeroT.thy;6/P_6_5_monoT_Red.thy;6/P_6_6_P_reduced.thy;6/P_6_6_Red_leftend_1.thy;6/P_6_6_condAB_coeff.thy;6/P_6_6_oneColumn.thy;6/P_6_6_reduced_iff_cond.thy;6/P_6_6_reduced_leftend.thy;6/P_6_6_reduced_slice.thy;7/P_7_2_scb_compose.thy;7/P_7_3_c1_c2.thy;7/P_7_4_RightNodes_Mark.thy;7/P_7_4_Trans_Mark_Pred.thy;7/P_7_4_Trans_Mark_seg.thy	PSS/cross-chapter:635;chapter-7/local:20	722
7	pss_paper.p_7_4_RightAnces_zeroT	7/P_7_4_RightAnces_zeroT.thy	1	exact-clean-proof	pss_scratch.y3r_7_4_RightAnces_zeroT_TPS	pss_scratch.y3r_7_4_RightAnces_zeroT_TPS	5/P_5_1_ancestor_basic_1.thy;5/P_5_1_ancestor_tree_1.thy;5/P_5_1_parent_exists_1.thy;5/P_5_1_parent_exists_2.thy;5/P_5_1_parent_exists_3.thy;6/P_6_1_le_IncrFirst_inv.thy;6/P_6_2_P_IncrFirst.thy;6/P_6_2_P_additive.thy;6/P_6_2_P_components_1.thy;6/P_6_2_P_components_2.thy;6/P_6_2_mono_ancestor_slice.thy;6/P_6_2_mono_prefix.thy;6/P_6_2_multi_crit_12.thy;6/P_6_2_multi_crit_23.thy;6/P_6_4_FirstNodes_Joints_mono.thy;6/P_6_4_FirstNodes_TrMax_Joints.thy;6/P_6_4_P_IdxSum.thy;6/P_6_4_P_leftend_mono.thy;6/P_6_4_mono_slice_next.thy;6/P_6_5_Lng_Red.thy;6/P_6_5_Red_IncrFirst.thy;6/P_6_5_Red_Pred.thy;6/P_6_5_Red_welldef.thy;6/P_6_5_Red_zeroT.thy;6/P_6_5_monoT_Red.thy;6/P_6_6_P_reduced.thy;6/P_6_6_Red_leftend_1.thy;6/P_6_6_condAB_coeff.thy;6/P_6_6_oneColumn.thy;6/P_6_6_reduced_iff_cond.thy;6/P_6_6_reduced_leftend.thy;6/P_6_6_reduced_slice.thy;7/P_7_2_scb_compose.thy;7/P_7_3_c1_c2.thy;7/P_7_4_RightNodes_Mark.thy;7/P_7_4_Trans_Mark_Pred.thy;7/P_7_4_Trans_Mark_seg.thy	PSS/cross-chapter:636;chapter-7/local:25	728
7	pss_paper.p_7_4_RightNodes_Mark	7/P_7_4_RightNodes_Mark.thy	1	exact-clean-proof	pss_wip.m_7_4_RightNodes_Mark	pss_wip.m_7_4_RightNodes_Mark	5/P_5_1_ancestor_basic_1.thy;5/P_5_1_ancestor_tree_1.thy;5/P_5_1_parent_exists_1.thy;5/P_5_1_parent_exists_2.thy;5/P_5_1_parent_exists_3.thy;6/P_6_1_le_IncrFirst_inv.thy;6/P_6_2_P_IncrFirst.thy;6/P_6_2_P_additive.thy;6/P_6_2_P_components_1.thy;6/P_6_2_P_components_2.thy;6/P_6_2_mono_ancestor_slice.thy;6/P_6_2_mono_prefix.thy;6/P_6_2_multi_crit_12.thy;6/P_6_2_multi_crit_23.thy;6/P_6_4_FirstNodes_Joints_mono.thy;6/P_6_4_FirstNodes_TrMax_Joints.thy;6/P_6_4_P_IdxSum.thy;6/P_6_4_P_leftend_mono.thy;6/P_6_4_mono_slice_next.thy;6/P_6_5_Lng_Red.thy;6/P_6_5_Red_IncrFirst.thy;6/P_6_5_Red_Pred.thy;6/P_6_5_Red_welldef.thy;6/P_6_5_monoT_Red.thy;6/P_6_6_P_reduced.thy;6/P_6_6_Red_leftend_1.thy;6/P_6_6_condAB_coeff.thy;6/P_6_6_oneColumn.thy;6/P_6_6_reduced_iff_cond.thy;6/P_6_6_reduced_leftend.thy;6/P_6_6_reduced_slice.thy;7/P_7_2_scb_compose.thy;7/P_7_3_c1_c2.thy;7/P_7_4_Trans_Mark_Pred.thy;7/P_7_4_Trans_Mark_seg.thy	PSS/cross-chapter:627	691
7	pss_paper.p_7_4_Trans_Mark_Pred	7/P_7_4_Trans_Mark_Pred.thy	1	named-corrected-or-partial		pss_wip.m_7_4_Trans_Mark_Pred	5/P_5_1_ancestor_basic_1.thy;5/P_5_1_ancestor_tree_1.thy;5/P_5_1_parent_exists_1.thy;5/P_5_1_parent_exists_2.thy;5/P_5_1_parent_exists_3.thy;6/P_6_1_le_IncrFirst_inv.thy;6/P_6_2_P_IncrFirst.thy;6/P_6_2_P_additive.thy;6/P_6_2_P_components_1.thy;6/P_6_2_P_components_2.thy;6/P_6_2_mono_ancestor_slice.thy;6/P_6_2_mono_prefix.thy;6/P_6_2_multi_crit_12.thy;6/P_6_2_multi_crit_23.thy;6/P_6_4_FirstNodes_Joints_mono.thy;6/P_6_4_FirstNodes_TrMax_Joints.thy;6/P_6_4_P_IdxSum.thy;6/P_6_4_P_leftend_mono.thy;6/P_6_4_mono_slice_next.thy;6/P_6_5_Lng_Red.thy;6/P_6_5_Red_IncrFirst.thy;6/P_6_5_Red_Pred.thy;6/P_6_5_Red_welldef.thy;6/P_6_5_monoT_Red.thy;6/P_6_6_P_reduced.thy;6/P_6_6_Red_leftend_1.thy;6/P_6_6_condAB_coeff.thy;6/P_6_6_oneColumn.thy;6/P_6_6_reduced_iff_cond.thy;6/P_6_6_reduced_leftend.thy;6/P_6_6_reduced_slice.thy;7/P_7_2_scb_compose.thy	PSS/cross-chapter:607	667
7	pss_paper.p_7_4_Trans_Mark_seg	7/P_7_4_Trans_Mark_seg.thy	1	exact-clean-proof	pss_wip.m_7_4_Trans_Mark_seg	pss_wip.m_7_4_Trans_Mark_seg	5/P_5_1_ancestor_basic_1.thy;5/P_5_1_ancestor_tree_1.thy;5/P_5_1_parent_exists_1.thy;5/P_5_1_parent_exists_2.thy;5/P_5_1_parent_exists_3.thy;6/P_6_1_le_IncrFirst_inv.thy;6/P_6_2_P_IncrFirst.thy;6/P_6_2_P_additive.thy;6/P_6_2_P_components_1.thy;6/P_6_2_P_components_2.thy;6/P_6_2_mono_ancestor_slice.thy;6/P_6_2_mono_prefix.thy;6/P_6_2_multi_crit_12.thy;6/P_6_2_multi_crit_23.thy;6/P_6_4_FirstNodes_Joints_mono.thy;6/P_6_4_FirstNodes_TrMax_Joints.thy;6/P_6_4_P_IdxSum.thy;6/P_6_4_P_leftend_mono.thy;6/P_6_4_mono_slice_next.thy;6/P_6_5_Lng_Red.thy;6/P_6_5_Red_IncrFirst.thy;6/P_6_5_Red_Pred.thy;6/P_6_5_Red_welldef.thy;6/P_6_5_monoT_Red.thy;6/P_6_6_P_reduced.thy;6/P_6_6_Red_leftend_1.thy;6/P_6_6_condAB_coeff.thy;6/P_6_6_oneColumn.thy;6/P_6_6_reduced_iff_cond.thy;6/P_6_6_reduced_leftend.thy;6/P_6_6_reduced_slice.thy;7/P_7_2_scb_compose.thy;7/P_7_4_Trans_Mark_Pred.thy	PSS/cross-chapter:608	669
7	pss_paper.p_7_4_Trans_nextAdm	7/P_7_4_Trans_nextAdm.thy	1	named-corrected-or-partial		pss_wip.m_7_4_Trans_nextAdm	5/P_5_1_ancestor_basic_1.thy;5/P_5_1_ancestor_tree_1.thy;5/P_5_1_parent_exists_1.thy;5/P_5_1_parent_exists_2.thy;5/P_5_1_parent_exists_3.thy;6/P_6_1_le_IncrFirst_inv.thy;6/P_6_2_P_IncrFirst.thy;6/P_6_2_P_additive.thy;6/P_6_2_P_components_1.thy;6/P_6_2_P_components_2.thy;6/P_6_2_mono_ancestor_slice.thy;6/P_6_2_mono_prefix.thy;6/P_6_2_multi_crit_12.thy;6/P_6_2_multi_crit_23.thy;6/P_6_4_FirstNodes_Joints_mono.thy;6/P_6_4_FirstNodes_TrMax_Joints.thy;6/P_6_4_P_IdxSum.thy;6/P_6_4_P_leftend_mono.thy;6/P_6_4_mono_slice_next.thy;6/P_6_5_Lng_Red.thy;6/P_6_5_Red_IncrFirst.thy;6/P_6_5_Red_Pred.thy;6/P_6_5_Red_welldef.thy;6/P_6_5_monoT_Red.thy;6/P_6_6_P_reduced.thy;6/P_6_6_Red_leftend_1.thy;6/P_6_6_condAB_coeff.thy;6/P_6_6_oneColumn.thy;6/P_6_6_reduced_iff_cond.thy;6/P_6_6_reduced_leftend.thy;6/P_6_6_reduced_slice.thy;7/P_7_2_scb_compose.thy;7/P_7_4_Trans_Mark_Pred.thy	PSS/cross-chapter:607	668
8	pss_paper.p_8_1_Pred_diagSeq_Trans	8/P_8_1_Pred_diagSeq_Trans.thy	1	exact-clean-proof	pss_wip.m_8_1_Pred_diagSeq_Trans	pss_wip.m_8_1_Pred_diagSeq_Trans	5/P_5_1_ancestor_basic_1.thy;5/P_5_1_ancestor_tree_1.thy;5/P_5_1_parent_exists_1.thy;5/P_5_1_parent_exists_2.thy;5/P_5_1_parent_exists_3.thy;6/P_6_1_le_IncrFirst_inv.thy;6/P_6_2_P_IncrFirst.thy;6/P_6_2_P_additive.thy;6/P_6_2_P_components_1.thy;6/P_6_2_P_components_2.thy;6/P_6_2_mono_ancestor_slice.thy;6/P_6_2_mono_prefix.thy;6/P_6_2_multi_crit_12.thy;6/P_6_2_multi_crit_23.thy;6/P_6_4_FirstNodes_Joints_mono.thy;6/P_6_4_FirstNodes_TrMax_Joints.thy;6/P_6_4_P_IdxSum.thy;6/P_6_4_P_leftend_mono.thy;6/P_6_4_mono_slice_next.thy;6/P_6_5_Lng_Red.thy;6/P_6_5_Red_IncrFirst.thy;6/P_6_5_Red_Pred.thy;6/P_6_5_Red_welldef.thy;6/P_6_5_monoT_Red.thy;6/P_6_6_P_reduced.thy;6/P_6_6_Red_leftend_1.thy;6/P_6_6_condAB_coeff.thy;6/P_6_6_oneColumn.thy;6/P_6_6_reduced_iff_cond.thy;6/P_6_6_reduced_leftend.thy;6/P_6_6_reduced_slice.thy;7/P_7_2_scb_compose.thy;7/P_7_3_twoColumn.thy;8/P_8_1_diagSeq_Trans.thy	PSS/cross-chapter:600;chapter-8/local:29	688
8	pss_paper.p_8_1_Trans_fseq_condI	8/P_8_1_Trans_fseq_condI.thy	2	exact-clean-proof	pss_scratch.y3g_p_8_1_Trans_fseq_condI	pss_scratch.y3g_p_8_1_Trans_fseq_condI	5/P_5_1_ancestor_basic_1.thy;5/P_5_1_ancestor_tree_1.thy;5/P_5_1_parent_exists_1.thy;5/P_5_1_parent_exists_2.thy;5/P_5_1_parent_exists_3.thy;5/P_5_3_pred_is_oper1.thy;6/P_6_1_le_IncrFirst_inv.thy;6/P_6_2_P_IncrFirst.thy;6/P_6_2_P_additive.thy;6/P_6_2_P_components_1.thy;6/P_6_2_P_components_2.thy;6/P_6_2_mono_ancestor_slice.thy;6/P_6_2_mono_prefix.thy;6/P_6_2_multi_crit_12.thy;6/P_6_2_multi_crit_23.thy;6/P_6_3_adm_slice.thy;6/P_6_3_admof_slice.thy;6/P_6_3_marked_slice.thy;6/P_6_4_FirstNodes_Joints_mono.thy;6/P_6_4_FirstNodes_TrMax_Joints.thy;6/P_6_4_P_IdxSum.thy;6/P_6_4_P_leftend_mono.thy;6/P_6_4_mono_slice_next.thy;6/P_6_5_Lng_Red.thy;6/P_6_5_Red_IncrFirst.thy;6/P_6_5_Red_Pred.thy;6/P_6_5_Red_le.thy;6/P_6_5_Red_marked.thy;6/P_6_5_Red_welldef.thy;6/P_6_5_monoT_Red.thy;6/P_6_6_P_reduced.thy;6/P_6_6_Red_leftend_1.thy;6/P_6_6_ancestor_slice_Red_IncrFirst.thy;6/P_6_6_condAB_coeff.thy;6/P_6_6_oneColumn.thy;6/P_6_6_reduced_coeff.thy;6/P_6_6_reduced_iff_cond.thy;6/P_6_6_reduced_leftend.thy;6/P_6_6_reduced_oper.thy;6/P_6_6_reduced_slice.thy;7/P_7_1_term_components.thy;7/P_7_2_add_scb.thy;7/P_7_2_scb_compose.thy;7/P_7_2_scb_fseq.thy;7/P_7_3_Mark_rightmost1.thy;7/P_7_3_c1_c2.thy;7/P_7_3_twoColumn.thy;7/P_7_4_Mark_Trans_repr.thy;7/P_7_4_RightNodes_Mark.thy;7/P_7_4_Trans_Mark_Pred.thy;7/P_7_4_Trans_Mark_seg.thy;8/P_8_3_kind0_base_basepoint.thy	PSS/cross-chapter:828;chapter-8/local:67	1047
8	pss_paper.p_8_1_condI_III_c1_around	8/P_8_1_condI_III_c1_around.thy	1	unmapped					0
8	pss_paper.p_8_1_diagSeq_Trans	8/P_8_1_diagSeq_Trans.thy	1	exact-clean-proof	pss_wip.m_8_1_diagSeq_Trans	pss_wip.m_8_1_diagSeq_Trans	5/P_5_1_ancestor_basic_1.thy;5/P_5_1_ancestor_tree_1.thy;5/P_5_1_parent_exists_1.thy;5/P_5_1_parent_exists_2.thy;5/P_5_1_parent_exists_3.thy;6/P_6_1_le_IncrFirst_inv.thy;6/P_6_2_P_IncrFirst.thy;6/P_6_2_P_additive.thy;6/P_6_2_P_components_1.thy;6/P_6_2_P_components_2.thy;6/P_6_2_mono_ancestor_slice.thy;6/P_6_2_mono_prefix.thy;6/P_6_2_multi_crit_12.thy;6/P_6_2_multi_crit_23.thy;6/P_6_4_FirstNodes_Joints_mono.thy;6/P_6_4_FirstNodes_TrMax_Joints.thy;6/P_6_4_P_IdxSum.thy;6/P_6_4_P_leftend_mono.thy;6/P_6_4_mono_slice_next.thy;6/P_6_5_Lng_Red.thy;6/P_6_5_Red_IncrFirst.thy;6/P_6_5_Red_Pred.thy;6/P_6_5_Red_welldef.thy;6/P_6_5_monoT_Red.thy;6/P_6_6_P_reduced.thy;6/P_6_6_Red_leftend_1.thy;6/P_6_6_condAB_coeff.thy;6/P_6_6_oneColumn.thy;6/P_6_6_reduced_iff_cond.thy;6/P_6_6_reduced_leftend.thy;6/P_6_6_reduced_slice.thy;7/P_7_2_scb_compose.thy;7/P_7_3_twoColumn.thy	PSS/cross-chapter:598;chapter-8/local:5	661
8	pss_paper.p_8_2_condIIIV_terminal_slice_Trans	8/P_8_2_condIIIV_terminal_slice_Trans.thy	1	unmapped					0
8	pss_paper.p_8_2_condV_rightmost_parent	8/P_8_2_condV_rightmost_parent.thy	1	exact-clean-proof	pss_wip.m_8_2_condV_rightmost_parent	pss_wip.m_8_2_condV_rightmost_parent	5/P_5_1_ancestor_basic_1.thy;5/P_5_1_ancestor_tree_1.thy;5/P_5_1_parent_exists_1.thy;5/P_5_1_parent_exists_2.thy;5/P_5_1_parent_exists_3.thy;6/P_6_1_le_IncrFirst_inv.thy;6/P_6_2_P_IncrFirst.thy;6/P_6_2_P_additive.thy;6/P_6_2_P_components_1.thy;6/P_6_2_P_components_2.thy;6/P_6_2_mono_ancestor_slice.thy;6/P_6_2_mono_prefix.thy;6/P_6_2_multi_crit_12.thy;6/P_6_2_multi_crit_23.thy;6/P_6_4_FirstNodes_Joints_mono.thy;6/P_6_4_FirstNodes_TrMax_Joints.thy;6/P_6_4_P_IdxSum.thy;6/P_6_4_P_leftend_mono.thy;6/P_6_4_mono_slice_next.thy;6/P_6_5_Lng_Red.thy;6/P_6_5_Red_IncrFirst.thy;6/P_6_5_Red_Pred.thy;6/P_6_5_Red_welldef.thy;6/P_6_5_monoT_Red.thy;6/P_6_6_P_reduced.thy;6/P_6_6_Red_leftend_1.thy;6/P_6_6_condAB_coeff.thy;6/P_6_6_reduced_coeff.thy;6/P_6_6_reduced_iff_cond.thy;6/P_6_6_reduced_leftend.thy;6/P_6_6_reduced_slice.thy	PSS/cross-chapter:499;chapter-8/local:3	561
8	pss_paper.p_8_2_condV_terminal_slice_Trans	8/P_8_2_condV_terminal_slice_Trans.thy	1	exact-clean-proof	pss_wip.m_8_2_condV_terminal_slice_Trans	pss_wip.m_8_2_condV_terminal_slice_Trans	5/P_5_1_ancestor_basic_1.thy;5/P_5_1_ancestor_tree_1.thy;5/P_5_1_parent_exists_1.thy;5/P_5_1_parent_exists_2.thy;5/P_5_1_parent_exists_3.thy;6/P_6_1_le_IncrFirst_inv.thy;6/P_6_2_P_IncrFirst.thy;6/P_6_2_P_additive.thy;6/P_6_2_P_components_1.thy;6/P_6_2_P_components_2.thy;6/P_6_2_mono_ancestor_slice.thy;6/P_6_2_mono_prefix.thy;6/P_6_2_multi_crit_12.thy;6/P_6_2_multi_crit_23.thy;6/P_6_3_adm_slice.thy;6/P_6_3_admof_slice.thy;6/P_6_3_marked_slice.thy;6/P_6_4_FirstNodes_Joints_mono.thy;6/P_6_4_FirstNodes_TrMax_Joints.thy;6/P_6_4_P_IdxSum.thy;6/P_6_4_P_leftend_mono.thy;6/P_6_4_mono_slice.thy;6/P_6_4_mono_slice_next.thy;6/P_6_5_Lng_Red.thy;6/P_6_5_Red_IncrFirst.thy;6/P_6_5_Red_Pred.thy;6/P_6_5_Red_welldef.thy;6/P_6_5_monoT_Red.thy;6/P_6_6_P_reduced.thy;6/P_6_6_Red_leftend_1.thy;6/P_6_6_ancestor_slice_Red_IncrFirst.thy;6/P_6_6_condAB_coeff.thy;6/P_6_6_oneColumn.thy;6/P_6_6_reduced_coeff.thy;6/P_6_6_reduced_iff_cond.thy;6/P_6_6_reduced_leftend.thy;6/P_6_6_reduced_slice.thy;7/P_7_1_paren_balance.thy;7/P_7_2_scb_compose.thy;7/P_7_3_Mark_rightmost1.thy;7/P_7_3_c1_c2.thy;7/P_7_3_twoColumn.thy;7/P_7_4_Mark_Trans_repr.thy;7/P_7_4_RightNodes_Mark.thy;7/P_7_4_Trans_Mark_Pred.thy;7/P_7_4_Trans_Mark_seg.thy;8/P_8_1_diagSeq_Trans.thy	PSS/cross-chapter:677;chapter-8/local:90	878
8	pss_paper.p_8_2_standard_slice_Red_strongmono	8/P_8_2_standard_slice_Red_strongmono.thy	1	exact-clean-proof	pss_wip.m_8_2_standard_slice_Red_strongmono	pss_wip.m_8_2_standard_slice_Red_strongmono	5/P_5_1_ancestor_basic_1.thy;5/P_5_1_ancestor_tree_1.thy;5/P_5_1_parent_exists_1.thy;5/P_5_1_parent_exists_2.thy;5/P_5_1_parent_exists_3.thy;5/P_5_3_pred_is_oper1.thy;6/P_6_1_le_IncrFirst_inv.thy;6/P_6_2_P_IncrFirst.thy;6/P_6_2_P_additive.thy;6/P_6_2_P_components_1.thy;6/P_6_2_P_components_2.thy;6/P_6_2_P_oper_1.thy;6/P_6_2_P_oper_2.thy;6/P_6_2_mono_ancestor_slice.thy;6/P_6_2_mono_prefix.thy;6/P_6_2_multi_crit_12.thy;6/P_6_2_multi_crit_23.thy;6/P_6_2_nonmulti_oper_1.thy;6/P_6_2_nonmulti_oper_2.thy;6/P_6_4_FirstNodes_Joints_mono.thy;6/P_6_4_FirstNodes_TrMax_Joints.thy;6/P_6_4_P_IdxSum.thy;6/P_6_4_P_leftend_mono.thy;6/P_6_4_mono_slice_next.thy;6/P_6_5_Lng_Red.thy;6/P_6_5_Red_IncrFirst.thy;6/P_6_5_Red_Pred.thy;6/P_6_5_Red_welldef.thy;6/P_6_5_monoT_Red.thy;6/P_6_6_P_reduced.thy;6/P_6_6_Red_leftend_1.thy;6/P_6_6_ancestor_slice_Red_IncrFirst.thy;6/P_6_6_condAB_coeff.thy;6/P_6_6_reduced_coeff.thy;6/P_6_6_reduced_iff_cond.thy;6/P_6_6_reduced_leftend.thy;6/P_6_6_reduced_slice.thy;6/P_6_7_ST_eq_Union_SkT.thy;6/P_6_7_standard_P_components.thy;6/P_6_7_standard_reduced.thy;6/P_6_8_standard_slice_Br_descending.thy	PSS/cross-chapter:741;chapter-8/local:2	808
8	pss_paper.p_8_2_strongmono_slice	8/P_8_2_strongmono_slice.thy	1	exact-clean-proof	pss_wip.m_8_2_strongmono_slice	pss_wip.m_8_2_strongmono_slice	5/P_5_1_ancestor_basic_1.thy;5/P_5_1_ancestor_tree_1.thy;5/P_5_1_parent_exists_1.thy;5/P_5_1_parent_exists_2.thy;5/P_5_1_parent_exists_3.thy;6/P_6_1_le_IncrFirst_inv.thy;6/P_6_2_P_IncrFirst.thy;6/P_6_2_P_additive.thy;6/P_6_2_P_components_1.thy;6/P_6_2_P_components_2.thy;6/P_6_2_mono_ancestor_slice.thy;6/P_6_2_mono_prefix.thy;6/P_6_2_multi_crit_12.thy;6/P_6_2_multi_crit_23.thy;6/P_6_4_FirstNodes_Joints_mono.thy;6/P_6_4_FirstNodes_TrMax_Joints.thy;6/P_6_4_P_IdxSum.thy;6/P_6_4_P_leftend_mono.thy;6/P_6_4_mono_slice.thy;6/P_6_4_mono_slice_next.thy;6/P_6_5_Lng_Red.thy;6/P_6_5_Red_IncrFirst.thy;6/P_6_5_Red_Pred.thy;6/P_6_5_Red_welldef.thy;6/P_6_5_monoT_Red.thy;6/P_6_6_P_reduced.thy;6/P_6_6_Red_leftend_1.thy;6/P_6_6_ancestor_slice_Red_IncrFirst.thy;6/P_6_6_condAB_coeff.thy;6/P_6_6_reduced_coeff.thy;6/P_6_6_reduced_iff_cond.thy;6/P_6_6_reduced_leftend.thy;6/P_6_6_reduced_slice.thy	PSS/cross-chapter:544;chapter-8/local:4	603
8	pss_paper.p_8_2_subexpr_component_Pred	8/P_8_2_subexpr_component_Pred.thy	1	exact-clean-proof	pss_wip.m_8_2_keystone	pss_wip.m_8_2_keystone	5/P_5_1_ancestor_basic_1.thy;5/P_5_1_ancestor_tree_1.thy;5/P_5_1_parent_exists_1.thy;5/P_5_1_parent_exists_2.thy;5/P_5_1_parent_exists_3.thy;6/P_6_1_le_IncrFirst_inv.thy;6/P_6_2_P_IncrFirst.thy;6/P_6_2_P_additive.thy;6/P_6_2_P_components_1.thy;6/P_6_2_P_components_2.thy;6/P_6_2_mono_ancestor_slice.thy;6/P_6_2_mono_prefix.thy;6/P_6_2_multi_crit_12.thy;6/P_6_2_multi_crit_23.thy;6/P_6_3_adm_slice.thy;6/P_6_3_admof_slice.thy;6/P_6_3_marked_slice.thy;6/P_6_4_FirstNodes_Joints_mono.thy;6/P_6_4_FirstNodes_TrMax_Joints.thy;6/P_6_4_P_IdxSum.thy;6/P_6_4_P_leftend_mono.thy;6/P_6_4_mono_slice_next.thy;6/P_6_5_Lng_Red.thy;6/P_6_5_Red_IncrFirst.thy;6/P_6_5_Red_Pred.thy;6/P_6_5_Red_welldef.thy;6/P_6_5_monoT_Red.thy;6/P_6_6_P_reduced.thy;6/P_6_6_Red_leftend_1.thy;6/P_6_6_condAB_coeff.thy;6/P_6_6_oneColumn.thy;6/P_6_6_reduced_coeff.thy;6/P_6_6_reduced_iff_cond.thy;6/P_6_6_reduced_leftend.thy;6/P_6_6_reduced_slice.thy;7/P_7_1_term_components.thy;7/P_7_2_scb_compose.thy;7/P_7_3_Mark_rightmost1.thy;7/P_7_3_c1_c2.thy;7/P_7_3_twoColumn.thy;7/P_7_4_RightNodes_Mark.thy;7/P_7_4_Trans_Mark_Pred.thy;7/P_7_4_Trans_Mark_seg.thy;8/P_8_1_diagSeq_Trans.thy	PSS/cross-chapter:652;chapter-8/local:39	815
8	pss_paper.p_8_2_subexpr_component_strongmono	8/P_8_2_subexpr_component_strongmono.thy	1	exact-clean-proof	pss_wip.m_8_2_subexpr_component_strongmono_uncond	pss_wip.m_8_2_subexpr_component_strongmono_uncond	5/P_5_1_ancestor_basic_1.thy;5/P_5_1_ancestor_tree_1.thy;5/P_5_1_parent_exists_1.thy;5/P_5_1_parent_exists_2.thy;5/P_5_1_parent_exists_3.thy;6/P_6_1_le_IncrFirst_inv.thy;6/P_6_2_P_IncrFirst.thy;6/P_6_2_P_additive.thy;6/P_6_2_P_components_1.thy;6/P_6_2_P_components_2.thy;6/P_6_2_mono_ancestor_slice.thy;6/P_6_2_mono_prefix.thy;6/P_6_2_multi_crit_12.thy;6/P_6_2_multi_crit_23.thy;6/P_6_3_adm_slice.thy;6/P_6_3_admof_slice.thy;6/P_6_3_marked_slice.thy;6/P_6_4_FirstNodes_Joints_mono.thy;6/P_6_4_FirstNodes_TrMax_Joints.thy;6/P_6_4_P_IdxSum.thy;6/P_6_4_P_leftend_mono.thy;6/P_6_4_mono_slice_next.thy;6/P_6_5_Lng_Red.thy;6/P_6_5_Red_IncrFirst.thy;6/P_6_5_Red_Pred.thy;6/P_6_5_Red_welldef.thy;6/P_6_5_monoT_Red.thy;6/P_6_6_P_reduced.thy;6/P_6_6_Red_leftend_1.thy;6/P_6_6_condAB_coeff.thy;6/P_6_6_oneColumn.thy;6/P_6_6_reduced_coeff.thy;6/P_6_6_reduced_iff_cond.thy;6/P_6_6_reduced_leftend.thy;6/P_6_6_reduced_slice.thy;7/P_7_1_term_components.thy;7/P_7_2_scb_compose.thy;7/P_7_3_Mark_rightmost1.thy;7/P_7_3_c1_c2.thy;7/P_7_3_twoColumn.thy;7/P_7_4_RightNodes_Mark.thy;7/P_7_4_Trans_Mark_Pred.thy;7/P_7_4_Trans_Mark_seg.thy;8/P_8_1_diagSeq_Trans.thy;8/P_8_2_subexpr_component_Pred.thy	PSS/cross-chapter:656;chapter-8/local:54	863
8	pss_paper.p_8_3_TransCondII_oper_descend	8/P_8_3_TransCondII_oper_descend.thy	1	exact-clean-proof	pss_scratch.y5_8_3_TransCondII_oper_descend	pss_scratch.y5_8_3_TransCondII_oper_descend	5/P_5_1_ancestor_basic_1.thy;5/P_5_1_ancestor_basic_2.thy;5/P_5_1_ancestor_tree_1.thy;5/P_5_1_parent_exists_1.thy;5/P_5_1_parent_exists_2.thy;5/P_5_1_parent_exists_3.thy;5/P_5_3_pred_is_oper1.thy;6/P_6_1_le_IncrFirst_inv.thy;6/P_6_2_P_IncrFirst.thy;6/P_6_2_P_additive.thy;6/P_6_2_P_components_1.thy;6/P_6_2_P_components_2.thy;6/P_6_2_P_oper_1.thy;6/P_6_2_P_oper_2.thy;6/P_6_2_mono_ancestor_slice.thy;6/P_6_2_mono_prefix.thy;6/P_6_2_multi_crit_12.thy;6/P_6_2_multi_crit_23.thy;6/P_6_2_nonmulti_oper_1.thy;6/P_6_2_nonmulti_oper_2.thy;6/P_6_3_adm_slice.thy;6/P_6_3_admof_slice.thy;6/P_6_3_marked_slice.thy;6/P_6_4_FirstNodes_Joints_mono.thy;6/P_6_4_FirstNodes_TrMax_Joints.thy;6/P_6_4_P_IdxSum.thy;6/P_6_4_P_leftend_mono.thy;6/P_6_4_mono_slice.thy;6/P_6_4_mono_slice_next.thy;6/P_6_5_Lng_Red.thy;6/P_6_5_Red_IncrFirst.thy;6/P_6_5_Red_Pred.thy;6/P_6_5_Red_le.thy;6/P_6_5_Red_marked.thy;6/P_6_5_Red_welldef.thy;6/P_6_5_monoT_Red.thy;6/P_6_6_P_reduced.thy;6/P_6_6_Red_leftend_1.thy;6/P_6_6_ancestor_slice_Red_IncrFirst.thy;6/P_6_6_condAB_coeff.thy;6/P_6_6_oneColumn.thy;6/P_6_6_reduced_coeff.thy;6/P_6_6_reduced_iff_cond.thy;6/P_6_6_reduced_leftend.thy;6/P_6_6_reduced_oper.thy;6/P_6_6_reduced_slice.thy;6/P_6_7_ST_eq_Union_SkT.thy;6/P_6_7_standard_P_components.thy;6/P_6_7_standard_prefix.thy;6/P_6_7_standard_reduced.thy;6/P_6_8_standard_slice_Br_descending.thy;7/P_7_1_lessBT_linord.thy;7/P_7_1_paren_balance.thy;7/P_7_1_term_components.thy;7/P_7_2_add_scb.thy;7/P_7_2_scb_compose.thy;7/P_7_2_scb_fseq.thy;7/P_7_2_scb_triviality.thy;7/P_7_3_Mark_rightmost1.thy;7/P_7_3_Trans_monoT.thy;7/P_7_3_c1_c2.thy;7/P_7_3_twoColumn.thy;7/P_7_4_Mark_Trans_repr.thy;7/P_7_4_RightNodes_Mark.thy;7/P_7_4_Trans_Mark_Pred.thy;7/P_7_4_Trans_Mark_seg.thy;8/P_8_1_diagSeq_Trans.thy;8/P_8_2_condV_terminal_slice_Trans.thy;8/P_8_2_standard_slice_Red_strongmono.thy;8/P_8_2_strongmono_slice.thy;8/P_8_2_subexpr_component_Pred.thy;8/P_8_2_subexpr_component_strongmono.thy;8/P_8_3_kind0_base_basepoint.thy;8/P_8_3_kind0_branch_rule.thy;8/P_8_4_rightmost_nonadm_ancestor.thy;8/P_8_5_Joints_FirstNodes_basic.thy;8/P_8_7_OT_examples.thy;8/P_8_7_OT_scb_recursive.thy;8/P_8_7_const00_Trans.thy;8/P_8_7_fseq_descend.thy	PSS/cross-chapter:1009;chapter-8/local:920	2236
8	pss_paper.p_8_3_kind0_base_basepoint	8/P_8_3_kind0_base_basepoint.thy	2	exact-clean-proof	pss_wip.m_8_3_kind0_base_basepoint	pss_wip.m_8_3_kind0_base_basepoint	5/P_5_1_ancestor_basic_1.thy;5/P_5_1_ancestor_tree_1.thy;5/P_5_1_parent_exists_1.thy;5/P_5_1_parent_exists_2.thy;5/P_5_1_parent_exists_3.thy;6/P_6_1_le_IncrFirst_inv.thy;6/P_6_2_P_IncrFirst.thy;6/P_6_2_P_additive.thy;6/P_6_2_P_components_1.thy;6/P_6_2_P_components_2.thy;6/P_6_2_mono_ancestor_slice.thy;6/P_6_2_mono_prefix.thy;6/P_6_2_multi_crit_12.thy;6/P_6_2_multi_crit_23.thy;6/P_6_4_FirstNodes_Joints_mono.thy;6/P_6_4_FirstNodes_TrMax_Joints.thy;6/P_6_4_P_IdxSum.thy;6/P_6_4_P_leftend_mono.thy;6/P_6_4_mono_slice_next.thy;6/P_6_5_Lng_Red.thy;6/P_6_5_Red_IncrFirst.thy;6/P_6_5_Red_Pred.thy;6/P_6_5_Red_welldef.thy;6/P_6_5_monoT_Red.thy;6/P_6_6_P_reduced.thy;6/P_6_6_Red_leftend_1.thy;6/P_6_6_condAB_coeff.thy;6/P_6_6_reduced_iff_cond.thy;6/P_6_6_reduced_leftend.thy;6/P_6_6_reduced_oper.thy;6/P_6_6_reduced_slice.thy	PSS/cross-chapter:593;chapter-8/local:3	647
8	pss_paper.p_8_3_kind0_base_ineq	8/P_8_3_kind0_base_ineq.thy	1	named-corrected-or-partial		pss_wip.m_8_3_kind0_base_ineq		PSS/cross-chapter:5;chapter-8/local:1	7
8	pss_paper.p_8_3_kind0_branch_rule	8/P_8_3_kind0_branch_rule.thy	1	exact-clean-proof	pss_wip.m_8_3_kind0_branch_rule	pss_wip.m_8_3_kind0_branch_rule		PSS/cross-chapter:12;chapter-8/local:1	14
8	pss_paper.p_8_4_Trans_oper_exchange	8/P_8_4_Trans_oper_exchange.thy	3	named-corrected-or-partial		pss_wip.m_8_4_Trans_oper_exchange_corrected_condIII	5/P_5_1_ancestor_basic_1.thy;5/P_5_1_ancestor_tree_1.thy;5/P_5_1_parent_exists_1.thy;5/P_5_1_parent_exists_2.thy;5/P_5_1_parent_exists_3.thy;5/P_5_3_pred_is_oper1.thy;6/P_6_1_le_IncrFirst_inv.thy;6/P_6_2_P_IncrFirst.thy;6/P_6_2_P_additive.thy;6/P_6_2_P_components_1.thy;6/P_6_2_P_components_2.thy;6/P_6_2_mono_ancestor_slice.thy;6/P_6_2_mono_prefix.thy;6/P_6_2_multi_crit_12.thy;6/P_6_2_multi_crit_23.thy;6/P_6_2_nonmulti_oper_2.thy;6/P_6_3_adm_slice.thy;6/P_6_3_admof_slice.thy;6/P_6_4_FirstNodes_Joints_mono.thy;6/P_6_4_FirstNodes_TrMax_Joints.thy;6/P_6_4_P_IdxSum.thy;6/P_6_4_P_leftend_mono.thy;6/P_6_4_mono_slice_next.thy;6/P_6_5_Lng_Red.thy;6/P_6_5_Red_IncrFirst.thy;6/P_6_5_Red_Pred.thy;6/P_6_5_Red_welldef.thy;6/P_6_5_monoT_Red.thy;6/P_6_6_P_reduced.thy;6/P_6_6_Red_leftend_1.thy;6/P_6_6_ancestor_slice_Red_IncrFirst.thy;6/P_6_6_condAB_coeff.thy;6/P_6_6_oneColumn.thy;6/P_6_6_reduced_coeff.thy;6/P_6_6_reduced_iff_cond.thy;6/P_6_6_reduced_leftend.thy;6/P_6_6_reduced_slice.thy;6/P_6_7_standard_prefix.thy;6/P_6_7_standard_reduced.thy;7/P_7_1_lessBT_linord.thy;7/P_7_2_add_scb.thy;7/P_7_2_scb_compose.thy;7/P_7_2_scb_fseq.thy;7/P_7_3_Mark_rightmost1.thy;7/P_7_3_c1_c2.thy;7/P_7_3_twoColumn.thy;7/P_7_4_Mark_Trans_repr.thy;7/P_7_4_Trans_Mark_Pred.thy;7/P_7_4_Trans_Mark_seg.thy	PSS/cross-chapter:790;chapter-8/local:89	989
8	pss_paper.p_8_4_oper_basic	8/P_8_4_oper_basic.thy	3	exact-clean-proof	pss_scratch.y3h_p_8_4_oper_basic;pss_wip.m_8_4_oper_basic_part1	pss_scratch.y3h_p_8_4_oper_basic;pss_wip.m_8_4_oper_basic_part1	5/P_5_1_ancestor_basic_1.thy;5/P_5_1_ancestor_basic_2.thy;5/P_5_1_ancestor_tree_1.thy;5/P_5_1_parent_exists_1.thy;5/P_5_1_parent_exists_2.thy;5/P_5_1_parent_exists_3.thy;5/P_5_3_pred_is_oper1.thy;6/P_6_1_le_IncrFirst_inv.thy;6/P_6_2_P_IncrFirst.thy;6/P_6_2_P_additive.thy;6/P_6_2_P_components_1.thy;6/P_6_2_P_components_2.thy;6/P_6_2_P_oper_1.thy;6/P_6_2_P_oper_2.thy;6/P_6_2_mono_ancestor_slice.thy;6/P_6_2_mono_prefix.thy;6/P_6_2_multi_crit_12.thy;6/P_6_2_multi_crit_23.thy;6/P_6_2_nonmulti_oper_1.thy;6/P_6_2_nonmulti_oper_2.thy;6/P_6_3_adm_slice.thy;6/P_6_3_admof_slice.thy;6/P_6_3_marked_slice.thy;6/P_6_4_FirstNodes_Joints_mono.thy;6/P_6_4_FirstNodes_TrMax_Joints.thy;6/P_6_4_P_IdxSum.thy;6/P_6_4_P_leftend_mono.thy;6/P_6_4_mono_slice.thy;6/P_6_4_mono_slice_next.thy;6/P_6_5_Lng_Red.thy;6/P_6_5_Red_IncrFirst.thy;6/P_6_5_Red_Pred.thy;6/P_6_5_Red_le.thy;6/P_6_5_Red_marked.thy;6/P_6_5_Red_welldef.thy;6/P_6_5_monoT_Red.thy;6/P_6_6_P_reduced.thy;6/P_6_6_Red_leftend_1.thy;6/P_6_6_ancestor_slice_Red_IncrFirst.thy;6/P_6_6_condAB_coeff.thy;6/P_6_6_oneColumn.thy;6/P_6_6_reduced_coeff.thy;6/P_6_6_reduced_iff_cond.thy;6/P_6_6_reduced_leftend.thy;6/P_6_6_reduced_oper.thy;6/P_6_6_reduced_slice.thy;6/P_6_7_ST_eq_Union_SkT.thy;6/P_6_7_standard_P_components.thy;6/P_6_7_standard_prefix.thy;6/P_6_7_standard_reduced.thy;6/P_6_8_standard_slice_Br_descending.thy;7/P_7_1_lessBT_linord.thy;7/P_7_1_paren_balance.thy;7/P_7_1_term_components.thy;7/P_7_2_add_scb.thy;7/P_7_2_scb_compose.thy;7/P_7_2_scb_fseq.thy;7/P_7_2_scb_triviality.thy;7/P_7_3_Mark_rightmost1.thy;7/P_7_3_Trans_monoT.thy;7/P_7_3_c1_c2.thy;7/P_7_3_twoColumn.thy;7/P_7_4_Mark_Trans_repr.thy;7/P_7_4_RightNodes_Mark.thy;7/P_7_4_Trans_Mark_Pred.thy;7/P_7_4_Trans_Mark_seg.thy;8/P_8_1_diagSeq_Trans.thy;8/P_8_2_condV_terminal_slice_Trans.thy;8/P_8_2_standard_slice_Red_strongmono.thy;8/P_8_2_strongmono_slice.thy;8/P_8_2_subexpr_component_Pred.thy;8/P_8_2_subexpr_component_strongmono.thy;8/P_8_3_kind0_base_basepoint.thy;8/P_8_3_kind0_branch_rule.thy;8/P_8_4_rightmost_nonadm_ancestor.thy;8/P_8_5_Joints_FirstNodes_basic.thy;8/P_8_7_OT_examples.thy;8/P_8_7_OT_scb_recursive.thy;8/P_8_7_Trans_preserves_OT.thy;8/P_8_7_const00_Trans.thy	PSS/cross-chapter:1009;chapter-8/local:928	2248
8	pss_paper.p_8_4_rightmost_nonadm_ancestor	8/P_8_4_rightmost_nonadm_ancestor.thy	4	exact-clean-proof	pss_wip.m_8_4_rightmost_nonadm_ancestor	pss_wip.m_8_4_rightmost_nonadm_ancestor	5/P_5_1_ancestor_basic_1.thy;5/P_5_1_ancestor_tree_1.thy;5/P_5_1_parent_exists_1.thy;5/P_5_1_parent_exists_2.thy;5/P_5_1_parent_exists_3.thy;6/P_6_1_le_IncrFirst_inv.thy;6/P_6_2_P_IncrFirst.thy;6/P_6_2_P_additive.thy;6/P_6_2_P_components_1.thy;6/P_6_2_P_components_2.thy;6/P_6_2_mono_ancestor_slice.thy;6/P_6_2_mono_prefix.thy;6/P_6_2_multi_crit_12.thy;6/P_6_2_multi_crit_23.thy;6/P_6_3_adm_slice.thy;6/P_6_3_admof_slice.thy;6/P_6_4_FirstNodes_Joints_mono.thy;6/P_6_4_FirstNodes_TrMax_Joints.thy;6/P_6_4_P_IdxSum.thy;6/P_6_4_P_leftend_mono.thy;6/P_6_4_mono_slice_next.thy;6/P_6_5_Lng_Red.thy;6/P_6_5_Red_IncrFirst.thy;6/P_6_5_Red_Pred.thy;6/P_6_5_Red_welldef.thy;6/P_6_5_monoT_Red.thy;6/P_6_6_P_reduced.thy;6/P_6_6_Red_leftend_1.thy;6/P_6_6_ancestor_slice_Red_IncrFirst.thy;6/P_6_6_condAB_coeff.thy;6/P_6_6_reduced_coeff.thy;6/P_6_6_reduced_iff_cond.thy;6/P_6_6_reduced_leftend.thy;6/P_6_6_reduced_slice.thy;6/P_6_7_standard_reduced.thy	PSS/cross-chapter:643;chapter-8/local:3	704
8	pss_paper.p_8_5_Joints_FirstNodes_basic	8/P_8_5_Joints_FirstNodes_basic.thy	4	exact-clean-proof	pss_wip.m_8_5_Joints_FirstNodes_basic	pss_wip.m_8_5_Joints_FirstNodes_basic	5/P_5_1_ancestor_basic_1.thy;5/P_5_1_ancestor_tree_1.thy;5/P_5_1_parent_exists_1.thy;5/P_5_1_parent_exists_2.thy;5/P_5_1_parent_exists_3.thy;5/P_5_3_pred_is_oper1.thy;6/P_6_1_le_IncrFirst_inv.thy;6/P_6_2_P_IncrFirst.thy;6/P_6_2_P_additive.thy;6/P_6_2_P_components_1.thy;6/P_6_2_P_components_2.thy;6/P_6_2_P_oper_1.thy;6/P_6_2_P_oper_2.thy;6/P_6_2_mono_ancestor_slice.thy;6/P_6_2_mono_prefix.thy;6/P_6_2_multi_crit_12.thy;6/P_6_2_multi_crit_23.thy;6/P_6_2_nonmulti_oper_1.thy;6/P_6_2_nonmulti_oper_2.thy;6/P_6_3_adm_slice.thy;6/P_6_3_admof_slice.thy;6/P_6_4_FirstNodes_Joints_mono.thy;6/P_6_4_FirstNodes_TrMax_Joints.thy;6/P_6_4_P_IdxSum.thy;6/P_6_4_P_leftend_mono.thy;6/P_6_4_mono_slice_next.thy;6/P_6_5_Lng_Red.thy;6/P_6_5_Red_IncrFirst.thy;6/P_6_5_Red_Pred.thy;6/P_6_5_Red_welldef.thy;6/P_6_5_monoT_Red.thy;6/P_6_6_P_reduced.thy;6/P_6_6_Red_leftend_1.thy;6/P_6_6_ancestor_slice_Red_IncrFirst.thy;6/P_6_6_condAB_coeff.thy;6/P_6_6_reduced_coeff.thy;6/P_6_6_reduced_iff_cond.thy;6/P_6_6_reduced_leftend.thy;6/P_6_6_reduced_slice.thy;6/P_6_7_ST_eq_Union_SkT.thy;6/P_6_7_standard_P_components.thy;6/P_6_7_standard_reduced.thy;6/P_6_8_standard_slice_Br_descending.thy;8/P_8_2_standard_slice_Red_strongmono.thy	PSS/cross-chapter:759;chapter-8/local:3	834
8	pss_paper.p_8_5_Trans_oper_exchange	8/P_8_5_Trans_oper_exchange.thy	3	exact-clean-proof	pss_scratch.y3h_p_8_5_Trans_oper_exchange	pss_scratch.y3h_p_8_5_Trans_oper_exchange	5/P_5_1_ancestor_basic_1.thy;5/P_5_1_ancestor_tree_1.thy;5/P_5_1_parent_exists_1.thy;5/P_5_1_parent_exists_2.thy;5/P_5_1_parent_exists_3.thy;5/P_5_3_pred_is_oper1.thy;6/P_6_1_le_IncrFirst_inv.thy;6/P_6_2_P_IncrFirst.thy;6/P_6_2_P_additive.thy;6/P_6_2_P_components_1.thy;6/P_6_2_P_components_2.thy;6/P_6_2_P_oper_1.thy;6/P_6_2_P_oper_2.thy;6/P_6_2_mono_ancestor_slice.thy;6/P_6_2_mono_prefix.thy;6/P_6_2_multi_crit_12.thy;6/P_6_2_multi_crit_23.thy;6/P_6_2_nonmulti_oper_1.thy;6/P_6_2_nonmulti_oper_2.thy;6/P_6_3_adm_slice.thy;6/P_6_3_admof_slice.thy;6/P_6_3_marked_slice.thy;6/P_6_4_FirstNodes_Joints_mono.thy;6/P_6_4_FirstNodes_TrMax_Joints.thy;6/P_6_4_P_IdxSum.thy;6/P_6_4_P_leftend_mono.thy;6/P_6_4_mono_slice.thy;6/P_6_4_mono_slice_next.thy;6/P_6_5_Lng_Red.thy;6/P_6_5_Red_IncrFirst.thy;6/P_6_5_Red_Pred.thy;6/P_6_5_Red_welldef.thy;6/P_6_5_monoT_Red.thy;6/P_6_6_P_reduced.thy;6/P_6_6_Red_leftend_1.thy;6/P_6_6_ancestor_slice_Red_IncrFirst.thy;6/P_6_6_condAB_coeff.thy;6/P_6_6_oneColumn.thy;6/P_6_6_reduced_coeff.thy;6/P_6_6_reduced_iff_cond.thy;6/P_6_6_reduced_leftend.thy;6/P_6_6_reduced_slice.thy;6/P_6_7_ST_eq_Union_SkT.thy;6/P_6_7_standard_P_components.thy;6/P_6_7_standard_prefix.thy;6/P_6_7_standard_reduced.thy;6/P_6_8_standard_slice_Br_descending.thy;7/P_7_1_lessBT_linord.thy;7/P_7_1_paren_balance.thy;7/P_7_1_term_components.thy;7/P_7_2_add_scb.thy;7/P_7_2_scb_compose.thy;7/P_7_2_scb_fseq.thy;7/P_7_3_Mark_rightmost1.thy;7/P_7_3_c1_c2.thy;7/P_7_3_twoColumn.thy;7/P_7_4_Mark_Trans_repr.thy;7/P_7_4_RightNodes_Mark.thy;7/P_7_4_Trans_Mark_Pred.thy;7/P_7_4_Trans_Mark_seg.thy;8/P_8_1_diagSeq_Trans.thy;8/P_8_2_standard_slice_Red_strongmono.thy;8/P_8_2_subexpr_component_Pred.thy;8/P_8_2_subexpr_component_strongmono.thy;8/P_8_4_rightmost_nonadm_ancestor.thy;8/P_8_5_Joints_FirstNodes_basic.thy	PSS/cross-chapter:927;chapter-8/local:243	1390
8	pss_paper.p_8_6_Trans_fseq_condVI	8/P_8_6_Trans_fseq_condVI.thy	1	unmapped					0
8	pss_paper.p_8_6_const2nd_Trans	8/P_8_6_const2nd_Trans.thy	1	exact-clean-proof	pss_wip.m_8_6_const2nd_Trans_paper	pss_wip.m_8_6_const2nd_Trans_paper	5/P_5_1_ancestor_basic_1.thy;5/P_5_1_ancestor_tree_1.thy;5/P_5_1_parent_exists_1.thy;5/P_5_1_parent_exists_2.thy;5/P_5_1_parent_exists_3.thy;6/P_6_1_le_IncrFirst_inv.thy;6/P_6_2_P_IncrFirst.thy;6/P_6_2_P_additive.thy;6/P_6_2_P_components_1.thy;6/P_6_2_P_components_2.thy;6/P_6_2_mono_ancestor_slice.thy;6/P_6_2_mono_prefix.thy;6/P_6_2_multi_crit_12.thy;6/P_6_2_multi_crit_23.thy;6/P_6_4_FirstNodes_Joints_mono.thy;6/P_6_4_FirstNodes_TrMax_Joints.thy;6/P_6_4_P_IdxSum.thy;6/P_6_4_P_leftend_mono.thy;6/P_6_4_mono_slice_next.thy;6/P_6_5_Lng_Red.thy;6/P_6_5_Red_IncrFirst.thy;6/P_6_5_Red_Pred.thy;6/P_6_5_Red_welldef.thy;6/P_6_5_monoT_Red.thy;6/P_6_6_P_reduced.thy;6/P_6_6_Red_leftend_1.thy;6/P_6_6_condAB_coeff.thy;6/P_6_6_oneColumn.thy;6/P_6_6_reduced_iff_cond.thy;6/P_6_6_reduced_leftend.thy;6/P_6_6_reduced_slice.thy	PSS/cross-chapter:564;chapter-8/local:32	655
8	pss_paper.p_8_6_diagSeq_Trans_oper	8/P_8_6_diagSeq_Trans_oper.thy	1	exact-clean-proof	pss_wip.m_8_6_diagSeq_Trans_oper_paper	pss_wip.m_8_6_diagSeq_Trans_oper_paper	5/P_5_1_ancestor_basic_1.thy;5/P_5_1_ancestor_tree_1.thy;5/P_5_1_parent_exists_1.thy;5/P_5_1_parent_exists_2.thy;5/P_5_1_parent_exists_3.thy;6/P_6_1_le_IncrFirst_inv.thy;6/P_6_2_P_IncrFirst.thy;6/P_6_2_P_additive.thy;6/P_6_2_P_components_1.thy;6/P_6_2_P_components_2.thy;6/P_6_2_mono_ancestor_slice.thy;6/P_6_2_mono_prefix.thy;6/P_6_2_multi_crit_12.thy;6/P_6_2_multi_crit_23.thy;6/P_6_4_FirstNodes_Joints_mono.thy;6/P_6_4_FirstNodes_TrMax_Joints.thy;6/P_6_4_P_IdxSum.thy;6/P_6_4_P_leftend_mono.thy;6/P_6_4_mono_slice_next.thy;6/P_6_5_Lng_Red.thy;6/P_6_5_Red_IncrFirst.thy;6/P_6_5_Red_Pred.thy;6/P_6_5_Red_welldef.thy;6/P_6_5_monoT_Red.thy;6/P_6_6_P_reduced.thy;6/P_6_6_Red_leftend_1.thy;6/P_6_6_condAB_coeff.thy;6/P_6_6_oneColumn.thy;6/P_6_6_reduced_iff_cond.thy;6/P_6_6_reduced_leftend.thy;6/P_6_6_reduced_oper.thy;6/P_6_6_reduced_slice.thy;7/P_7_2_scb_compose.thy;7/P_7_3_twoColumn.thy;8/P_8_1_diagSeq_Trans.thy	PSS/cross-chapter:684;chapter-8/local:30	775
8	pss_paper.p_8_6_trailing_principal_annihilable	8/P_8_6_trailing_principal_annihilable.thy	1	unmapped					0
8	pss_paper.p_8_7_OT_dom_hereditary	8/P_8_7_OT_dom_hereditary.thy	1	exact-clean-proof	pss_wip.m_8_7_OT_dom_hereditary	pss_wip.m_8_7_OT_dom_hereditary		PSS/cross-chapter:23	25
8	pss_paper.p_8_7_OT_examples	8/P_8_7_OT_examples.thy	4	exact-clean-proof	pss_mechanized.otb_Dpt_0;pss_wip.m_8_7_OT_ex1;pss_wip.m_8_7_OT_ex2;pss_wip.m_8_7_OT_ex3;pss_wip.m_8_7_OT_ex4;pss_wip.m_8_7_OT_examples	pss_mechanized.otb_Dpt_0;pss_wip.m_8_7_OT_ex1;pss_wip.m_8_7_OT_ex2;pss_wip.m_8_7_OT_ex3;pss_wip.m_8_7_OT_ex4;pss_wip.m_8_7_OT_examples	7/P_7_1_lessBT_linord.thy	PSS/cross-chapter:3;chapter-8/local:6	14
8	pss_paper.p_8_7_OT_scb_recursive	8/P_8_7_OT_scb_recursive.thy	1	exact-clean-proof	pss_wip.m_8_7_OT_scb_recursive	pss_wip.m_8_7_OT_scb_recursive		PSS/cross-chapter:14;chapter-8/local:2	18
8	pss_paper.p_8_7_OT_tail_annihilable	8/P_8_7_OT_tail_annihilable.thy	1	unmapped					0
8	pss_paper.p_8_7_Pred_oper0	8/P_8_7_Pred_oper0.thy	1	unmapped					0
8	pss_paper.p_8_7_Trans_preserves_OT	8/P_8_7_Trans_preserves_OT.thy	1	exact-clean-proof	pss_scratch.y5_Trans_OT_B	pss_scratch.y5_Trans_OT_B	5/P_5_1_ancestor_basic_1.thy;5/P_5_1_ancestor_basic_2.thy;5/P_5_1_ancestor_tree_1.thy;5/P_5_1_parent_exists_1.thy;5/P_5_1_parent_exists_2.thy;5/P_5_1_parent_exists_3.thy;5/P_5_3_pred_is_oper1.thy;6/P_6_1_le_IncrFirst_inv.thy;6/P_6_2_P_IncrFirst.thy;6/P_6_2_P_additive.thy;6/P_6_2_P_components_1.thy;6/P_6_2_P_components_2.thy;6/P_6_2_P_oper_1.thy;6/P_6_2_P_oper_2.thy;6/P_6_2_mono_ancestor_slice.thy;6/P_6_2_mono_prefix.thy;6/P_6_2_multi_crit_12.thy;6/P_6_2_multi_crit_23.thy;6/P_6_2_nonmulti_oper_1.thy;6/P_6_2_nonmulti_oper_2.thy;6/P_6_3_adm_slice.thy;6/P_6_3_admof_slice.thy;6/P_6_3_marked_slice.thy;6/P_6_4_FirstNodes_Joints_mono.thy;6/P_6_4_FirstNodes_TrMax_Joints.thy;6/P_6_4_P_IdxSum.thy;6/P_6_4_P_leftend_mono.thy;6/P_6_4_mono_slice.thy;6/P_6_4_mono_slice_next.thy;6/P_6_5_Lng_Red.thy;6/P_6_5_Red_IncrFirst.thy;6/P_6_5_Red_Pred.thy;6/P_6_5_Red_le.thy;6/P_6_5_Red_marked.thy;6/P_6_5_Red_welldef.thy;6/P_6_5_monoT_Red.thy;6/P_6_6_P_reduced.thy;6/P_6_6_Red_leftend_1.thy;6/P_6_6_ancestor_slice_Red_IncrFirst.thy;6/P_6_6_condAB_coeff.thy;6/P_6_6_oneColumn.thy;6/P_6_6_reduced_coeff.thy;6/P_6_6_reduced_iff_cond.thy;6/P_6_6_reduced_leftend.thy;6/P_6_6_reduced_oper.thy;6/P_6_6_reduced_slice.thy;6/P_6_7_ST_eq_Union_SkT.thy;6/P_6_7_standard_P_components.thy;6/P_6_7_standard_prefix.thy;6/P_6_7_standard_reduced.thy;6/P_6_8_standard_slice_Br_descending.thy;7/P_7_1_lessBT_linord.thy;7/P_7_1_paren_balance.thy;7/P_7_1_term_components.thy;7/P_7_2_add_scb.thy;7/P_7_2_scb_compose.thy;7/P_7_2_scb_fseq.thy;7/P_7_2_scb_triviality.thy;7/P_7_3_Mark_rightmost1.thy;7/P_7_3_Trans_monoT.thy;7/P_7_3_c1_c2.thy;7/P_7_3_twoColumn.thy;7/P_7_4_Mark_Trans_repr.thy;7/P_7_4_RightNodes_Mark.thy;7/P_7_4_Trans_Mark_Pred.thy;7/P_7_4_Trans_Mark_seg.thy;8/P_8_1_diagSeq_Trans.thy;8/P_8_2_condV_terminal_slice_Trans.thy;8/P_8_2_standard_slice_Red_strongmono.thy;8/P_8_2_strongmono_slice.thy;8/P_8_2_subexpr_component_Pred.thy;8/P_8_2_subexpr_component_strongmono.thy;8/P_8_3_kind0_base_basepoint.thy;8/P_8_3_kind0_branch_rule.thy;8/P_8_4_rightmost_nonadm_ancestor.thy;8/P_8_5_Joints_FirstNodes_basic.thy;8/P_8_7_OT_examples.thy;8/P_8_7_OT_scb_recursive.thy;8/P_8_7_const00_Trans.thy	PSS/cross-chapter:1009;chapter-8/local:919	2235
8	pss_paper.p_8_7_const00_Trans	8/P_8_7_const00_Trans.thy	1	exact-clean-proof	pss_wip.m_8_7_cnst_Trans;pss_wip.m_8_7_const00_Trans	pss_wip.m_8_7_cnst_Trans;pss_wip.m_8_7_const00_Trans	5/P_5_1_ancestor_basic_1.thy;5/P_5_1_ancestor_tree_1.thy;5/P_5_1_parent_exists_1.thy;5/P_5_1_parent_exists_2.thy;5/P_5_1_parent_exists_3.thy;6/P_6_1_le_IncrFirst_inv.thy;6/P_6_2_P_IncrFirst.thy;6/P_6_2_P_additive.thy;6/P_6_2_P_components_1.thy;6/P_6_2_P_components_2.thy;6/P_6_2_mono_ancestor_slice.thy;6/P_6_2_mono_prefix.thy;6/P_6_2_multi_crit_12.thy;6/P_6_2_multi_crit_23.thy;6/P_6_4_FirstNodes_Joints_mono.thy;6/P_6_4_FirstNodes_TrMax_Joints.thy;6/P_6_4_P_IdxSum.thy;6/P_6_4_P_leftend_mono.thy;6/P_6_4_mono_slice_next.thy;6/P_6_5_Lng_Red.thy;6/P_6_5_Red_IncrFirst.thy;6/P_6_5_Red_Pred.thy;6/P_6_5_Red_welldef.thy;6/P_6_5_monoT_Red.thy;6/P_6_6_P_reduced.thy;6/P_6_6_Red_leftend_1.thy;6/P_6_6_condAB_coeff.thy;6/P_6_6_oneColumn.thy;6/P_6_6_reduced_iff_cond.thy;6/P_6_6_reduced_leftend.thy;6/P_6_6_reduced_slice.thy	PSS/cross-chapter:563	617
8	pss_paper.p_8_7_fseq_descend	8/P_8_7_fseq_descend.thy	1	exact-clean-proof	pss_scratch.y5_Trans_descend	pss_scratch.y5_Trans_descend	5/P_5_1_ancestor_basic_1.thy;5/P_5_1_ancestor_basic_2.thy;5/P_5_1_ancestor_tree_1.thy;5/P_5_1_parent_exists_1.thy;5/P_5_1_parent_exists_2.thy;5/P_5_1_parent_exists_3.thy;5/P_5_3_pred_is_oper1.thy;6/P_6_1_le_IncrFirst_inv.thy;6/P_6_2_P_IncrFirst.thy;6/P_6_2_P_additive.thy;6/P_6_2_P_components_1.thy;6/P_6_2_P_components_2.thy;6/P_6_2_P_oper_1.thy;6/P_6_2_P_oper_2.thy;6/P_6_2_mono_ancestor_slice.thy;6/P_6_2_mono_prefix.thy;6/P_6_2_multi_crit_12.thy;6/P_6_2_multi_crit_23.thy;6/P_6_2_nonmulti_oper_1.thy;6/P_6_2_nonmulti_oper_2.thy;6/P_6_3_adm_slice.thy;6/P_6_3_admof_slice.thy;6/P_6_3_marked_slice.thy;6/P_6_4_FirstNodes_Joints_mono.thy;6/P_6_4_FirstNodes_TrMax_Joints.thy;6/P_6_4_P_IdxSum.thy;6/P_6_4_P_leftend_mono.thy;6/P_6_4_mono_slice.thy;6/P_6_4_mono_slice_next.thy;6/P_6_5_Lng_Red.thy;6/P_6_5_Red_IncrFirst.thy;6/P_6_5_Red_Pred.thy;6/P_6_5_Red_le.thy;6/P_6_5_Red_marked.thy;6/P_6_5_Red_welldef.thy;6/P_6_5_monoT_Red.thy;6/P_6_6_P_reduced.thy;6/P_6_6_Red_leftend_1.thy;6/P_6_6_ancestor_slice_Red_IncrFirst.thy;6/P_6_6_condAB_coeff.thy;6/P_6_6_oneColumn.thy;6/P_6_6_reduced_coeff.thy;6/P_6_6_reduced_iff_cond.thy;6/P_6_6_reduced_leftend.thy;6/P_6_6_reduced_oper.thy;6/P_6_6_reduced_slice.thy;6/P_6_7_ST_eq_Union_SkT.thy;6/P_6_7_standard_P_components.thy;6/P_6_7_standard_prefix.thy;6/P_6_7_standard_reduced.thy;6/P_6_8_standard_slice_Br_descending.thy;7/P_7_1_lessBT_linord.thy;7/P_7_1_paren_balance.thy;7/P_7_1_term_components.thy;7/P_7_2_add_scb.thy;7/P_7_2_scb_compose.thy;7/P_7_2_scb_fseq.thy;7/P_7_2_scb_triviality.thy;7/P_7_3_Mark_rightmost1.thy;7/P_7_3_Trans_monoT.thy;7/P_7_3_c1_c2.thy;7/P_7_3_twoColumn.thy;7/P_7_4_Mark_Trans_repr.thy;7/P_7_4_RightNodes_Mark.thy;7/P_7_4_Trans_Mark_Pred.thy;7/P_7_4_Trans_Mark_seg.thy;8/P_8_1_diagSeq_Trans.thy;8/P_8_2_condV_terminal_slice_Trans.thy;8/P_8_2_standard_slice_Red_strongmono.thy;8/P_8_2_strongmono_slice.thy;8/P_8_2_subexpr_component_Pred.thy;8/P_8_2_subexpr_component_strongmono.thy;8/P_8_3_kind0_base_basepoint.thy;8/P_8_3_kind0_branch_rule.thy;8/P_8_4_rightmost_nonadm_ancestor.thy;8/P_8_5_Joints_FirstNodes_basic.thy;8/P_8_7_OT_examples.thy;8/P_8_7_OT_scb_recursive.thy;8/P_8_7_const00_Trans.thy	PSS/cross-chapter:1009;chapter-8/local:919	2235
8	pss_paper.p_8_7_termination	8/P_8_7_termination.thy	1	exact-clean-proof	pss_scratch.y5_Fdom	pss_scratch.y5_Fdom	5/P_5_1_ancestor_basic_1.thy;5/P_5_1_ancestor_basic_2.thy;5/P_5_1_ancestor_tree_1.thy;5/P_5_1_parent_exists_1.thy;5/P_5_1_parent_exists_2.thy;5/P_5_1_parent_exists_3.thy;5/P_5_3_pred_is_oper1.thy;6/P_6_1_le_IncrFirst_inv.thy;6/P_6_2_P_IncrFirst.thy;6/P_6_2_P_additive.thy;6/P_6_2_P_components_1.thy;6/P_6_2_P_components_2.thy;6/P_6_2_P_oper_1.thy;6/P_6_2_P_oper_2.thy;6/P_6_2_mono_ancestor_slice.thy;6/P_6_2_mono_prefix.thy;6/P_6_2_multi_crit_12.thy;6/P_6_2_multi_crit_23.thy;6/P_6_2_nonmulti_oper_1.thy;6/P_6_2_nonmulti_oper_2.thy;6/P_6_3_adm_slice.thy;6/P_6_3_admof_slice.thy;6/P_6_3_marked_slice.thy;6/P_6_4_FirstNodes_Joints_mono.thy;6/P_6_4_FirstNodes_TrMax_Joints.thy;6/P_6_4_P_IdxSum.thy;6/P_6_4_P_leftend_mono.thy;6/P_6_4_mono_slice.thy;6/P_6_4_mono_slice_next.thy;6/P_6_5_Lng_Red.thy;6/P_6_5_Red_IncrFirst.thy;6/P_6_5_Red_Pred.thy;6/P_6_5_Red_le.thy;6/P_6_5_Red_marked.thy;6/P_6_5_Red_welldef.thy;6/P_6_5_monoT_Red.thy;6/P_6_6_P_reduced.thy;6/P_6_6_Red_leftend_1.thy;6/P_6_6_ancestor_slice_Red_IncrFirst.thy;6/P_6_6_condAB_coeff.thy;6/P_6_6_oneColumn.thy;6/P_6_6_reduced_coeff.thy;6/P_6_6_reduced_iff_cond.thy;6/P_6_6_reduced_leftend.thy;6/P_6_6_reduced_oper.thy;6/P_6_6_reduced_slice.thy;6/P_6_7_ST_eq_Union_SkT.thy;6/P_6_7_standard_P_components.thy;6/P_6_7_standard_prefix.thy;6/P_6_7_standard_reduced.thy;6/P_6_8_standard_slice_Br_descending.thy;7/P_7_1_lessBT_linord.thy;7/P_7_1_paren_balance.thy;7/P_7_1_term_components.thy;7/P_7_2_add_scb.thy;7/P_7_2_scb_compose.thy;7/P_7_2_scb_fseq.thy;7/P_7_2_scb_triviality.thy;7/P_7_3_Mark_rightmost1.thy;7/P_7_3_Trans_monoT.thy;7/P_7_3_c1_c2.thy;7/P_7_3_twoColumn.thy;7/P_7_4_Mark_Trans_repr.thy;7/P_7_4_RightNodes_Mark.thy;7/P_7_4_Trans_Mark_Pred.thy;7/P_7_4_Trans_Mark_seg.thy;8/P_8_1_diagSeq_Trans.thy;8/P_8_2_condV_terminal_slice_Trans.thy;8/P_8_2_standard_slice_Red_strongmono.thy;8/P_8_2_strongmono_slice.thy;8/P_8_2_subexpr_component_Pred.thy;8/P_8_2_subexpr_component_strongmono.thy;8/P_8_3_kind0_base_basepoint.thy;8/P_8_3_kind0_branch_rule.thy;8/P_8_4_rightmost_nonadm_ancestor.thy;8/P_8_5_Joints_FirstNodes_basic.thy;8/P_8_7_OT_examples.thy;8/P_8_7_OT_scb_recursive.thy;8/P_8_7_const00_Trans.thy	PSS/cross-chapter:1010;chapter-8/local:1009	2326
