article_fact	clean_equivalent_fact
pss_paper.p_5_1_parent_exists_1	pss_mechanized.m_5_1_parent_exists_1
pss_paper.p_5_1_parent_exists_2	pss_mechanized.m_5_1_parent_exists_2
pss_paper.p_5_1_parent_exists_3	pss_mechanized.m_5_1_parent_exists_3
pss_paper.p_5_1_parent_exists_4	pss_mechanized.m_5_1_parent_exists_4
pss_paper.p_5_1_parent_basic_1	pss_mechanized.m_5_1_parent_basic_1
pss_paper.p_5_1_parent_basic_2	pss_mechanized.m_5_1_parent_basic_2
pss_paper.p_5_1_ancestor_basic_1	pss_mechanized.m_5_1_ancestor_basic_1
pss_paper.p_5_1_ancestor_basic_2	pss_mechanized.m_5_1_ancestor_basic_2
pss_paper.p_5_1_ancestor_tree_1	pss_mechanized.m_5_1_ancestor_tree_1
pss_paper.p_5_1_ancestor_tree_2	pss_mechanized.m_5_1_ancestor_tree_2
pss_paper.p_5_3_pred_is_oper1	pss_mechanized.m_5_3_pred_is_oper1
pss_paper.p_5_4_F_oper_dom	pss_mechanized.m_5_4_F_oper_dom
pss_paper.p_5_4_F_oper_val	pss_mechanized.m_5_4_F_oper_val
pss_paper.p_6_1_le_IncrFirst_inv	pss_mechanized.m_6_1_le_IncrFirst_inv
pss_paper.p_6_2_multi_crit_12	pss_mechanized.m_6_2_multi_crit_12
pss_paper.p_6_2_multi_crit_23	pss_mechanized.m_6_2_multi_crit_23
pss_paper.p_6_2_mono_prefix	pss_mechanized.m_6_2_mono_prefix
pss_paper.p_6_2_mono_ancestor_slice	pss_mechanized.m_6_2_mono_ancestor_slice
pss_paper.p_6_2_P_IncrFirst	pss_mechanized.m_6_2_P_IncrFirst
pss_paper.p_6_2_P_components_1	pss_mechanized.m_6_2_P_components_1
pss_paper.p_6_2_P_components_2	pss_mechanized.m_6_2_P_components_2
pss_paper.p_6_2_P_additive	pss_mechanized.m_6_2_P_additive
pss_paper.p_6_2_P_oper_1	pss_mechanized.m_6_2_P_oper_1
pss_paper.p_6_2_P_oper_2	pss_mechanized.m_6_2_P_oper_2
pss_paper.p_6_2_nonmulti_oper_1	pss_mechanized.m_6_2_nonmulti_oper_1
pss_paper.p_6_2_nonmulti_oper_2	pss_mechanized.m_6_2_nonmulti_oper_2
pss_paper.p_6_3_adm_slice	pss_mechanized.m_6_3_adm_slice
pss_paper.p_6_3_admof_slice	pss_mechanized.m_6_3_admof_slice
pss_paper.p_6_3_marked_slice	pss_mechanized.m_6_3_marked_slice
pss_paper.p_6_4_P_IdxSum	pss_mechanized.m_6_4_P_IdxSum
pss_paper.p_6_4_P_IdxSum_char_1	pss_mechanized.m_6_4_P_IdxSum_char_1
pss_paper.p_6_4_P_IdxSum_char_2	pss_mechanized.m_6_4_P_IdxSum_char_2
pss_paper.p_6_4_P_leftend_mono	pss_mechanized.m_6_4_P_leftend_mono
pss_paper.p_6_4_mono_slice_next	pss_mechanized.m_6_4_mono_slice_next
pss_paper.p_6_4_FirstNodes_TrMax_Joints	pss_mechanized.m_6_4_FirstNodes_TrMax_Joints
pss_paper.p_6_4_FirstNodes_Joints_mono	pss_mechanized.m_6_4_FirstNodes_Joints_mono_aux
pss_paper.p_6_4_FirstNodes_Joints_mono	pss_mechanized.m_6_4_FirstNodes_Joints_mono
pss_paper.p_6_4_mono_slice	pss_mechanized.m_6_4_mono_slice
pss_paper.p_6_5_Red_welldef	pss_mechanized.m_6_5_Red_welldef
pss_paper.p_6_5_Red_IncrFirst	pss_mechanized.m_6_5_Red_IncrFirst
pss_paper.p_6_5_Lng_Red	pss_mechanized.m_6_5_Lng_Red
pss_paper.p_6_5_Red_zeroT	pss_mechanized.m_6_5_Red_zeroT
pss_paper.p_6_5_Red_le	pss_mechanized.m_6_5_Red_le_final
pss_paper.p_6_5_Red_monoT	pss_mechanized.m_6_5_Red_monoT_final
pss_paper.p_6_5_P_Red	pss_mechanized.m_6_5_P_Red_final
pss_paper.p_6_5_monoT_Red	pss_mechanized.m_6_5_monoT_Red_m10pos
pss_paper.p_6_5_Red_idem	pss_mechanized.m_6_5_Red_idem
pss_paper.p_6_5_Red_Pred	pss_mechanized.m_6_5_Red_Pred
pss_paper.p_6_5_Red_oper	pss_mechanized.m_6_5_Red_oper_final
pss_paper.p_6_5_Red_adm	pss_mechanized.m_6_5_Red_adm_final
pss_paper.p_6_5_admof_Red	pss_mechanized.m_6_5_admof_Red_final
pss_paper.p_6_5_Red_marked	pss_mechanized.m_6_5_Red_marked_final
pss_paper.p_6_6_reduced_slice	pss_mechanized.herd_6_6_reduced_slice
pss_paper.p_6_6_P_reduced	pss_mechanized.m_6_6_P_reduced
pss_paper.p_6_6_reduced_oper	pss_mechanized.m_6_6_reduced_oper
pss_paper.p_6_6_reduced_iff_cond	pss_mechanized.m_6_6_reduced_iff_cond
pss_paper.p_6_6_Red_leftend_1	pss_mechanized.m_6_6_Red_leftend_1
pss_paper.p_6_6_Red_leftend_2	pss_mechanized.m_6_6_Red_leftend_2
pss_paper.p_6_6_reduced_coeff	pss_mechanized.m_6_6_reduced_coeff
pss_paper.p_6_6_condAB_coeff	pss_mechanized.m_6_6_condAB_coeff
pss_paper.p_6_6_ancestor_slice_Red_IncrFirst	pss_mechanized.m_6_6_ancestor_slice_Red_IncrFirst
pss_paper.p_6_6_oneColumn	pss_mechanized.m_6_6_oneColumn
pss_paper.p_6_7_standard_reduced	pss_mechanized.m_6_7_ST_PS_subseteq_RT_PS
pss_paper.p_6_7_ST_eq_Union_SkT	pss_mechanized.m_6_7_ST_eq_Union_SkT
pss_paper.p_6_7_standard_P_components	pss_mechanized.m_6_7_standard_P_components
pss_paper.p_6_7_standard_prefix	pss_mechanized.ST_PS_seg_0_aux
pss_paper.p_6_7_standard_prefix	pss_mechanized.m_6_7_standard_prefix
pss_paper.p_6_8_standard_slice_Br_descending	pss_mechanized.m_6_8_standard_slice_Br_descending
pss_paper.p_6_8_standard_P_descending	pss_mechanized.m_6_8_standard_P_descending
pss_paper.p_7_1_lessBT_linord(1)	pss_mechanized.lessBT_irrefl
pss_paper.p_7_1_lessBT_linord(1)	pss_mechanized.m_7_1_lessBT_linord(1)
pss_paper.p_7_1_lessBT_linord(2)	pss_mechanized.lessBT_trans
pss_paper.p_7_1_lessBT_linord(2)	pss_mechanized.m_7_1_lessBT_linord(2)
pss_paper.p_7_1_lessBT_linord(3)	pss_mechanized.lessBT_total
pss_paper.p_7_1_lessBT_linord(3)	pss_mechanized.m_7_1_lessBT_linord(3)
pss_paper.p_7_1_term_components	pss_mechanized.m_7_1_term_components
pss_paper.p_7_1_paren_balance	pss_mechanized.m_7_1_paren_balance
pss_paper.p_7_2_scb_triviality(1)	pss_mechanized.m_7_2_scb_triviality(1)
pss_paper.p_7_2_scb_triviality(2)	pss_mechanized.m_7_2_scb_triviality(2)
pss_paper.p_7_2_scb_unique(1)	pss_mechanized.m_7_2_scb_unique_decomp
pss_paper.p_7_2_add_scb(1)	pss_mechanized.m_7_2_add_scb_conj1
pss_paper.p_7_2_add_scb(2)	pss_mechanized.m_7_2_add_scb_conj2
pss_paper.p_7_3_twoColumn(1)	pss_wip.m_7_3_twoColumn_Trans
pss_paper.p_7_3_twoColumn(2)	pss_wip.m_7_3_twoColumn_Marked(1)
pss_paper.p_7_3_twoColumn(3)	pss_wip.m_7_3_twoColumn_Marked(2)
pss_paper.p_7_3_twoColumn(4)	pss_wip.m_7_3_twoColumn_Mark(1)
pss_paper.p_7_3_twoColumn(5)	pss_wip.m_7_3_twoColumn_Mark(2)
pss_paper.p_7_3_Trans_zeroT	pss_scratch.y3r_7_3_Trans_zeroT_TPS
pss_paper.p_7_3_c1_c2(1)	pss_wip.transC1_single_principal
pss_paper.p_7_3_c1_c2(3)	pss_wip.transC1_lessBT_transC2_full
pss_paper.p_7_3_Pred_Trans_descend	pss_scratch.y3r_7_3_Pred_Trans_descend_TPS
pss_paper.p_7_3_Trans_monoT	pss_wip.m_7_3_Trans_monoT
pss_paper.p_7_4_Adm_nextAdm	pss_mechanized.m_7_4_Adm_nextAdm
pss_paper.p_7_4_Mark_Trans_repr	pss_wip.m_7_4_Mark_Trans_repr
pss_paper.p_7_4_Trans_Mark_seg	pss_wip.m_7_4_Trans_Mark_seg
pss_paper.p_7_4_RightNodes_Mark	pss_wip.m_7_4_RightNodes_Mark
pss_paper.p_7_4_RightAnces_RightNodes	pss_scratch.y3r_7_4_RightAnces_RightNodes_TPS
pss_paper.p_7_4_RightAnces_zeroT	pss_scratch.y3r_7_4_RightAnces_zeroT_TPS
pss_paper.p_8_2_standard_slice_Red_strongmono	pss_wip.m_8_2_standard_slice_Red_strongmono
pss_paper.p_8_2_strongmono_slice	pss_wip.m_8_2_strongmono_slice
pss_paper.p_8_2_subexpr_component_Pred	pss_wip.m_8_2_keystone
pss_paper.p_8_2_subexpr_component_strongmono	pss_wip.m_8_2_subexpr_component_strongmono_uncond
pss_paper.p_8_2_condV_rightmost_parent	pss_wip.m_8_2_condV_rightmost_parent
pss_paper.p_8_2_condV_terminal_slice_Trans	pss_wip.m_8_2_condV_terminal_slice_Trans
pss_paper.p_8_1_diagSeq_Trans	pss_wip.m_8_1_diagSeq_Trans
pss_paper.p_8_1_Pred_diagSeq_Trans	pss_wip.m_8_1_Pred_diagSeq_Trans
pss_paper.p_8_1_Trans_fseq_condI(1)	pss_scratch.y3g_p_8_1_Trans_fseq_condI(1)
pss_paper.p_8_1_Trans_fseq_condI(2)	pss_scratch.y3g_p_8_1_Trans_fseq_condI(2)
pss_paper.p_8_3_kind0_branch_rule	pss_wip.m_8_3_kind0_branch_rule
pss_paper.p_8_3_kind0_base_basepoint(1)	pss_wip.m_8_3_kind0_base_basepoint(1)
pss_paper.p_8_3_kind0_base_basepoint(2)	pss_wip.m_8_3_kind0_base_basepoint(2)
pss_paper.p_8_3_TransCondII_oper_descend	pss_scratch.y5_8_3_TransCondII_oper_descend
pss_paper.p_8_4_rightmost_nonadm_ancestor(1)	pss_wip.m_8_4_rightmost_nonadm_ancestor(1)
pss_paper.p_8_4_rightmost_nonadm_ancestor(2)	pss_wip.m_8_4_rightmost_nonadm_ancestor(2)
pss_paper.p_8_4_rightmost_nonadm_ancestor(3)	pss_wip.m_8_4_rightmost_nonadm_ancestor(3)
pss_paper.p_8_4_rightmost_nonadm_ancestor(4)	pss_wip.m_8_4_rightmost_nonadm_ancestor(4)
pss_paper.p_8_4_oper_basic(1)	pss_wip.m_8_4_oper_basic_part1
pss_paper.p_8_4_oper_basic(1)	pss_scratch.y3h_p_8_4_oper_basic(1)
pss_paper.p_8_4_oper_basic(3)	pss_scratch.y3h_p_8_4_oper_basic(2)
pss_paper.p_8_5_Trans_oper_exchange(1)	pss_scratch.y3h_p_8_5_Trans_oper_exchange(1)
pss_paper.p_8_5_Trans_oper_exchange(2)	pss_scratch.y3h_p_8_5_Trans_oper_exchange(2)
pss_paper.p_8_5_Trans_oper_exchange(3)	pss_scratch.y3h_p_8_5_Trans_oper_exchange(3)
pss_paper.p_8_5_Joints_FirstNodes_basic(1)	pss_wip.m_8_5_Joints_FirstNodes_basic(1)
pss_paper.p_8_5_Joints_FirstNodes_basic(2)	pss_wip.m_8_5_Joints_FirstNodes_basic(2)
pss_paper.p_8_5_Joints_FirstNodes_basic(3)	pss_wip.m_8_5_Joints_FirstNodes_basic(3)
pss_paper.p_8_5_Joints_FirstNodes_basic(4)	pss_wip.m_8_5_Joints_FirstNodes_basic(4)
pss_paper.p_8_6_const2nd_Trans	pss_wip.m_8_6_const2nd_Trans_paper
pss_paper.p_8_6_diagSeq_Trans_oper	pss_wip.m_8_6_diagSeq_Trans_oper_paper
pss_paper.p_8_7_const00_Trans	pss_wip.m_8_7_cnst_Trans
pss_paper.p_8_7_const00_Trans	pss_wip.m_8_7_const00_Trans
pss_paper.p_8_7_fseq_descend	pss_scratch.y5_Trans_descend
pss_paper.p_8_7_OT_scb_recursive	pss_wip.m_8_7_OT_scb_recursive
pss_paper.p_8_7_OT_dom_hereditary	pss_wip.m_8_7_OT_dom_hereditary
pss_paper.p_8_7_OT_examples(1)	pss_mechanized.otb_Dpt_0
pss_paper.p_8_7_OT_examples(1)	pss_mechanized.m_8_7_OT_examples(1)
pss_paper.p_8_7_OT_examples(1)	pss_wip.m_8_7_OT_ex1
pss_paper.p_8_7_OT_examples(1)	pss_wip.m_8_7_OT_examples(1)
pss_paper.p_8_7_OT_examples(2)	pss_mechanized.m_8_7_OT_examples(2)
pss_paper.p_8_7_OT_examples(2)	pss_wip.m_8_7_OT_ex2
pss_paper.p_8_7_OT_examples(2)	pss_wip.m_8_7_OT_examples(2)
pss_paper.p_8_7_OT_examples(3)	pss_mechanized.m_8_7_OT_examples(3)
pss_paper.p_8_7_OT_examples(3)	pss_wip.m_8_7_OT_ex3
pss_paper.p_8_7_OT_examples(3)	pss_wip.m_8_7_OT_examples(3)
pss_paper.p_8_7_OT_examples(4)	pss_mechanized.m_8_7_OT_examples(4)
pss_paper.p_8_7_OT_examples(4)	pss_wip.m_8_7_OT_ex4
pss_paper.p_8_7_OT_examples(4)	pss_wip.m_8_7_OT_examples(4)
pss_paper.p_8_7_Trans_preserves_OT	pss_scratch.y5_Trans_OT_B
pss_paper.p_8_7_termination	pss_scratch.y5_Fdom
